company,username,esg_company
3i Group,,3i Group plc
Aareal Bank,,Aareal Bank AG
ABB,,ABB Ltd.
Abbott Laboratories,,Abbott Laboratories
AbbVie,,AbbVie
ABC,,ABC Arbitrage SA
Abengoa,,Abengoa SA
Absa Group,,Absa
Abu Dhabi Commercial Bank,,Abu Dhabi Commercial Bank PJSC
Abu Dhabi Islamic Bank,,ABU DHABI ISLAMIC BANK
ADNOC,,Abu Dhabi National Oil Company (ADNOC)
Accenture,,Accenture Ltd.
Grupo ACS,,ACS Actividades Construccion Y Servicios
Allergan,,Actavis
Activision Blizzard,,"Activision Blizzard, Inc."
Adani Ports & Special Economic Zone,,Adani Ports & SEZ Ltd
Adecco,,Adecco
Adidas,,adidas AG
Adient,,ADIENT PUBLIC LIMITED COMPANY
Admiral Group,,Admiral Group PLC
Adobe,,Adobe Systems
ADP,adp,ADP
Aeroports de Paris,,ADP
ADVANCE AUTO PARTS,advanceautoparts,"Advance Auto Parts, Inc."
Advanced Info Service,,Advanced Info Service Public Company Limited
Advanced Micro Devices,,"Advanced Micro Devices, Inc."
Advantest,,ADVANTEST CORPORATION
AECOM Technology,,AECOM Technology Corporation
Aegon,,Aegon
Aena,,AENA (Aeropuertos Espanoles y Navegacion Aerea)
AerCap Holdings,,AerCap Holdings N.V.
Aeroflot-Russian Airlines,,AEROFLOT
AES,,AES Corporation
AETNA,aetna,Aetna Inc.
Aflac,,AFLAC Incorporated
AGC,,AGC Group
AGCO,agcocorp,AGCO Corporation
Ageas,,Ageas SA/NV
Agile Group Holdings,,Agile Property Holdings Ltd.
Agilent Technologies,,"Agilent Technologies, Inc."
AGL Energy,,AGL Energy Limited
AGNC Investment,,AGNC INVESTMENT CORP.
Agricultural Bank of China,,Agricultural Bank Of China Limited
Ahli United Bank,,AHLI UNITED BANK B.S.C
AIA,,AIA GROUP
Aier Eye Hospital Group,,Aier Eye Hospital Group Co.Ltd
Air Canada,,Air Canada
Air China,,Air China
Air France-KLM,,Air France - KLM
Air Liquide,,Air Liquide
Air Products & Chemicals,,"Air Products and Chemicals, Inc."
Airbnb,,Airbnb Inc
AIRBUS,,Airbus
Airports of Thailand,,Airports of Thailand PCL
Aisin Seiki,,Aisin Seiki Company Limited
Ajinomoto,,Ajinomoto Company Inc
Akamai Technologies,,"Akamai Technologies, Inc."
Akbank,,Akbank TAS
Akzo Nobel,,Akzo Nobel NV
Al Rajhi Bank,,Al Rajhi Bank
Alaska Air Group,,"Alaska Air Group, Inc."
Albertsons,albertsons,ALBERTSON'S INC.
Alcon,,Alcon Laboratories Inc
Aldi,,Aldi
Alexandria Real Estate Equities,,Alexandria Real Estate Equities
Alexion Pharmaceuticals,,"Alexion Pharmaceuticals, Inc."
Alfa Laval,,ALFA LAVAL AB
ALFA,,"ALFA, S.A.B. de C.V."
Alibaba Group,,Alibaba Com Limited
Align Technology,,Align Technology
Couche Tard,,Alimentation Couche-Tard Inc.
Alinma Bank,,Alinma Bank SJSC
All Nippon Airways,,ALL NIPPON AIRWAYS COMPANY LIMITED
Alleghany,,Alleghany Corporation
Alliant Energy,,Alliant Energy Corporation
Allianz,,Allianz SE
AIB Group,,Allied Irish Banks PLC
Ally Financial,,Ally Financial Inc.
Almarai,,Almarai Trading Company Limited
Alnylam Pharmaceuticals,,"Alnylam Pharmaceuticals, Inc."
Alrosa,,ALROSA COMPANY LIMITED
Alstom,,Alstom SA
Yahoo! Group,,"Altaba, Inc."
Altice Europe,,Altice Europe N.V.
Altice USA,,Altice USA
Marlboro,,"Altria Group, Inc."
Altria Group,,"Altria Group, Inc."
Amadeus IT Group,,Amadeus It Holding SA
AMAZON.COM,amazon,"Amazon.com, Inc."
AmBank Group,,AmBank Group
Amcor,,Amcor Limited
Amdocs,,Amdocs Limited
Ameren,,Ameren Corporation
Claro,,"America Movil, S.A.B. de C.V."
América Móvil,,"America Movil, S.A.B. de C.V."
American Airlines Group,americanair,American Airlines
American Electric,,"American Electric Power Company, Inc."
American Express,americanexpress,American Express
American Financial Group,,"American Financial Group, Inc."
American International Group,,"American International Group, Inc."
American Tower,,American Tower Corporation
American Water Works,,"American Water Works Company, Inc."
Ameriprise Financial,ameriprisefinancial,Ameriprise Financial Inc.
AmerisourceBergen,,AmerisourceBergen Corporation
Ametek,,"Ametek, Inc."
AMGEN,amgenbiotech,Amgen Inc.
AMP,,AMP Limited
Amphenol,,Amphenol Corporation
Analog Devices,,"Analog Devices, Inc."
Angang Steel,,Angang Steel Co. Ltd.
Anglo American,,Anglo American
Bud Light,,Anheuser-Busch InBev NV
Anheuser-Busch InBev,,Anheuser-Busch InBev NV
Anhui Conch Cement,,Anhui Conch Cement Co. Ltd.
Annaly Capital Management,,"Annaly Mortgage Management, Inc."
Ansys,,"ANSYS, Inc."
Anta Sports Products,,ANTA Sports Products Limited
AntarChile,,Antarchile S.A.
Anthem,,Anthem Inc.
Aon,,Aon
Aozora Bank,,Aozora Bank Limited
Møller-Maersk,,AP Moller-Maersk A/S
Apple,apple,Apple Inc.
Applied Materials,,"Applied Materials, Inc."
Aptiv,,Aptiv
Arab Bank,,Arab Bank PLC
Arab National Bank,,Arab National Bank
Aramark,,Aramark
Arca Continental,,Arca Continental S.A.B. de C.V.
ArcelorMittal,,ArcelorMittal
Arch Capital Group,,Arch Capital Services
Archer Daniels Midland,,Archer-Daniels-Midland Company
Ares Capital,,Ares Capital Corporation
Arista Networks,,Arista Networks Inc
Aristocrat Leisure,,Aristocrat Leisure Limited
Arkema,,Arkema
Aroundtown,,Aroundtown Property Holdings PLC
Arrow Electronics,,"Arrow Electronics, Inc."
Gallagher,,Arthur J. Gallagher & Co.
Asahi Group Holdings,,Asahi Breweries Limited
Asahi Kasei,,ASAHI KASEI CORPORATION
ASE Technology Holding,,"ASE Technology Holding Co., Ltd."
Mebuki Financial Group,,"Ashikaga Holdings Co.,Ltd."
Ashtead Group,,Ashtead-group
Asian Paints,,Asian Paints (India) Ltd.
ASML Holding,,ASML
Asr Nederland,,ASR Nederland NV
Assa Abloy,,Assa Abloy AB
Generali Group,,Assicurazioni Generali
Associated British Foods,,Associated British Foods PLC
Assurant,,Assurant Inc.
Astellas Pharma,,Astellas Pharma Inc
AstraZeneca,,AstraZeneca
Asustek Computer,,ASUSTeK Computer Inc.
AT&T,att,AT&T Inc.
Athene Holding,,Athene Holding Ltd
Atlantia,,Atlantia
Atlas Copco,,Atlas Copco A
Atlassian,,Atlassian Corporation PLC
Atmos Energy,,Atmos Energy Corporation
ATOS,,Atos Origin SA
Attijariwafa Bank,,Attijariwafa Bank
Audi,,Audi AG
ANZ,,AUSTRALIA AND NEW ZEALAND BANKING GROUP LIMITED
AutoNation,,"AutoNation, Inc."
AutoZone,autozone,"AutoZone, Inc."
AvalonBay Communities,,"AvalonBay Communities, Inc."
Avenue Supermarts,,Avenue Supermarts Ltd
Avery Dennison,,Avery Dennison Corporation
Aviva,,Aviva
Avnet,avnet,"Avnet, Inc."
AXA Group,,AXA
Axiata Group,,Axiata Group Bhd
Axis Bank,,Axis Bank Limited
Azrieli Group,,Azrieli Group
BAE Systems,,BAE Systems PLC
BAIC Motor,,BAIC Motor Corp. Ltd.
Baidu,,Baidu Inc
Bajaj Auto,,Bajaj Auto Ltd
Bajaj Finserv,,Bajaj Finserv Ltd
Baker Hughes Co,bakerhughesco,Baker Hughes Incorporated
Ball,,Ball Corporation
Bâloise Group,,Baloise
Banca Popolare di Sondrio,,Banca Popolare di Sondrio S.C.A.R.L.
BBVA,,BANCO BILBAO VIZCAYA ARGENTARIA SA
Banco BPM,,Banco BPM
Popular,,Banco BPM
Bradesco,,Banco Bradesco S.A.
Banco Bradesco,,Banco Bradesco S.A.
Banco BBVA Peru,,Banco Continental
Banco Davivienda,,Banco Davivienda S.A.
BDO Unibank,,Banco De Oro Unibank Inc.
Banco do Brasil,,Banco do Brasil S.A.
Banco de Sabadell,,Banco Sabadell
Santander,,Banco Santander S.A.
Bancolombia,,BanColombia S.A.
Bangkok Bank,,Bangkok Bank PCL
Bangkok Dusit Medical Services,,Bangkok Dusit Medical Services PCL
Bank Audi,,Bank Audi SAL Saradar Group
Bank Central Asia,,Bank Central Asia Terbuka
Bank Hapoalim,,Bank Hapoalim B.M.
Bank Leumi,,Bank Leumi Le-Israel B.M.
Bank Mandiri,,Bank Mandiri (Persero)
Bank Negara Indonesia,,BANK NEGARA INDONESIA
Merrill,,Bank of America Corporation
Bank of America,bankofamerica,Bank of America Corporation
Bank of Baroda,,Bank of Baroda
Bank of China,,Bank of China
Bank of Chongqing,,"Bank of ChongQing Co.,Ltd."
Bank of Communications,,"Bank of Communications Co., Ltd."
Bank of Greece,,Bank Of Greece
Bank Of Guiyang,,Bank of Guiyang
Bank Of Hangzhou,,Bank of Hangzhou Co Ltd
Bank of India,,Bank of India
Bank of Ireland,,Bank of Ireland
Bank Of Jiangsu,,Bank of Jiangsu Co Ltd
Bank of Jinzhou,,Bank of Jinzhou Co Ltd
Bank of Montreal,,Bank Of Montreal Quebec
Bank of Nanjing,,Bank of Nanjing Co. Ltd.
Bank of Ningbo,,Bank Of Ningbo Company Limited
Piraeus Bank,,BANK OF PIRAEUS S.A.
Bank of Qingdao,,Bank of Qingdao Co Ltd
Bank Of Shanghai,,Bank of Shanghai
Bank of Tianjin,,Bank of Tianjin Co Ltd
Bank Pekao,,Bank Polska Kasa Opieki SA
Bank Rakyat Indonesia (BRI),,Bank Rakyat Indonesia
Bankia,,"BANKIA, S.A."
Bankinter,,Bankinter SA
Banque Cantonale Vaudoise,,Banque Cantonale Vaudoise
Banque Centrale Populaire,,Banque Centrale Populaire S.A.
Banque Saudi Fransi,,Banque Saudi Fransi
Baoshan Iron & Steel,,Baoshan Iron & Steel Company Limited
Barclays,,Barclays
Barratt Developments,,Barratt Developments
Barrick Gold,,Barrick Gold Corp.
BASF,,BASF AG
Basler Kantonalbank,,Basler Kantonalbank
Bass Pro Shop,,Bass Pro Shops (Outdoor World) LLC
Bausch Health Companies,,BAUSCH HEALTH COMPANIES INC.
Bawag Group,,BAWAG P.S.K.
Baxter International,,Baxter International Inc.
Bayer,,Bayer AG
BayWa,,BayWa
BBMG,,Bbmg Corp.
BCE,,BCE Inc
Becton Dickinson,,Becton Dickinson & Company
BED BATH & BEYOND,bedbathandbeyond,Bed Bath & Beyond
NIVEA,,Beiersdorf
Beiersdorf,,Beiersdorf
Beijing Capital Development,,"Beijing Capital Development,Co.,Ltd"
Beijing Enterprises,,Beijing Enterprises Holdings Ltd.
Beijing Shougang,,"Beijing Shougang Co., Ltd."
Bell,,Bell Aliant
Bendigo & Adelaide Bank,,Bendigo Bank Limited
Berkeley Group Holdings,,BERKELEY GROUP HOLDINGS PLC (THE)
BNSF,,Berkshire Hathaway Inc.
Berkshire Hathaway,,Berkshire Hathaway Inc.
Berry Global Group,,"Berry Plastics Group, Inc."
Best Buy,bestbuy,"Best Buy Co., Inc."
Bharat Petroleum,,Bharat Petroleum Corporation Limited
Bharti Airtel,,Bharti Airtel Limited
BHP Group,,BHP Billiton Limited
BHP,,BHP Group Plc
BIG LOTS,biglots,"Big Lots, Inc."
Biogen,,Biogen Idec
BioMarin Pharmaceutical,,BioMarin Pharmaceutical Inc.
Bio-Rad Laboratories,,"Bio-Rad Laboratories, Inc."
BJ's Wholesale Club,,"BJ's Wholesale Club, Inc."
BlackRock,,"BlackRock, Inc."
Bloomberg,,Bloomberg
BMO Harris Bank,,BMO Harris Bank
BMW Group,,BMW
BNP Paribas,,BNP Paribas
BOE Technology Group,,BOE Technology Group Co Ltd B HKD
PRICELINE GROUP,priceline,Booking Holdings
booking.com,,Booking Holdings
Booking Holdings,,Booking Holdings
Booz Allen Hamilton Holding,,Booz Allen Hamilton Holding Corporation
BorgWarner,,BorgWarner Inc.
Bosch,,Bosch Limited
Boston Consulting Group,,Boston Consulting Group
Boston Properties,,"Boston Properties, Inc."
Boston Scientific,,Boston Scientific Corporation
Bouygues,,Bouygues SA
BPER Banca,,BPER Banca S.p.A.
Brambles,,Brambles Industries PLC
Braskem,,BRASKEM S/A
Brenntag,,Brenntag AG
Bridgestone,,Bridgestone Corporation
Brighthouse Financial,,"BRIGHTHOUSE FINANCIAL, INC."
Brinker,,"Brinker International, Inc."
Bristol-Myers Squibb,bristolmyerssquibb,Bristol-Myers Squibb Company
Pall Mall,,British American Tobacco PLC
British American Tobacco,,British American Tobacco PLC
Sky,,British Sky Broadcasting Group PLC
Broadcom,,Broadcom Inc.
Broadridge Financial,,"Broadridge Financial Solutions, Inc."
Brookfield,,Brookfield Asset Management Inc.
Brookfield Asset Management,,Brookfield Asset Management Inc.
Brown & Brown,,Brown & Brown
Brown-Forman,,Brown-Forman Corporation
BNK Financial Group,,BS FINANCIAL GROUP INC
BT Group,,BT Group PLC
Budweiser,,Budweiser Brewing Company APAC Ltd
Bunge,,Bunge Ltd.
Bunzl,,Bunzl PLC
Burberry,,Burberry Group PLC
Bureau Veritas,,Bureau Veritas
Burger King,,Burger King Corporation
Burlington Stores,burlingtondeals,"BURLINGTON STORES, INC."
BYD,,BYD Company Limited
C.H. Robinson,,"C.H. Robinson Worldwide, Inc."
Cabot Oil & Gas,,Cabot Oil & Gas Corporation
Cadence Design,,"Cadence Design Systems, Inc."
Caesars Entertainment,,Caesars Entertainment Corp.
Caixa,,Caixa Economica Federal
Caltex Australia,,Caltex Australia Pty. Ltd.
Campbell Soup,campbellsoupco,Campbell Soup Company
Canada Life,,Canada Life Financial Corporation
Canadian Apartment Properties Real Estate Investment Trust,,Canadian Apartment Properties Real Estat
CIBC,,Canadian Imperial Bank of Commerce
Canadian Imperial Bank,,Canadian Imperial Bank of Commerce
Canadian National Railway,,Canadian National Railway Company
CNRL,,Canadian Natural Resources Limited
Canadian Natural Resources,,Canadian Natural Resources Limited
Canadian Pacific Railway,,Canadian Pacific Railway Limited
Canadian Tire,,"Canadian Tire Corporation, Limited"
Canara Bank,,Canara Bank Ltd.
Canon,,Canon Inc
Capgemini,,Cap Gemini
Capital One Financial,capitalone,Capital One Financial Corporation
CapitaLand,,Capitaland ILEC Pte Ltd
Cardinal Health,,"Cardinal Health, Inc."
Carhartt,,Carhartt Inc
Carlsberg,,Carlsberg A/S
CarMax,carmax,"CarMax, Inc."
Carnival,,Carnival Corporation & PLC
Carrefour,,Carrefour
Carrier Global,,Carrier Corporation
Caterpillar,caterpillarinc,Caterpillar Inc.
Cathay Financial,,Cathay Financial Holding Co. Ltd.
Cathay Pacific Airways,,Cathay Pacific Airways Limited
Cattolica Assicurazioni,,Cattolica Assicurazioni
CBRE Group,,"CB Richard Ellis Group, Inc."
CDW,,CDW Corporation
Metro,,Ceconomy AG
Metro Group,,Ceconomy AG
Ceconomy,,Ceconomy AG
Celanese,,CELANESE CORPORATION
Celltrion,,Celltrion Inc.
Cemex,,Cemex Sab De CV
Cenovus Energy,,Cenovus Energy Inc
Centene Corporation,,Centene Corporation
Centene,,Centene Corporation
Eletrobrás,,Centrais Eletricas Brasileira SA
Central Bank of India,,Central Bank of India
Central Japan Railway,,Central Japan Railway Co
Centrica,,Centrica plc
Cencosud,,"Centros Comerciales Sudamericanos, S.A."
Tokyo Century,,CENTURY LEASING SYSTEM
CenturyLink,centurylink,CenturyLink
Cerner,,Cerner Corporation
CEZ Group,,CEZ AS
CGI Group,,CGI Group Inc.
Chanel,,CHANEL SA
Chang Hwa Bank,,Chang Hwa Commercial Bank Ltd.
Changchun High & New Technology,,Changchun High & New Tech Industry Inc
Charles Schwab,charlesschwab,Charles Schwab Corp.
Charoen Pokphand Foods,,Charoen Pokphand Group
Charter Communications,,"Charter Communications, Inc."
Chase,,Chase Corp.
Check Point Software,,Check Point Software Technologies Ltd.
Cheniere Energy,,"Cheniere Energy, Inc."
Chesapeake Energy,,Chesapeake Energy Corporation
Chevron,chevron,Chevron Corp.
Chiba Bank,,Chiba Bank Limited
China Aoyuan Group,,China Aoyuan Group Limited
China Aviation Oil,,CHINA AVIATION OIL (SINGAPORE) CORPORATION LTD
China Cinda Asset Management,,"CHINA CINDA ASSET MANAGEMENT CO., LTD"
China Citic Bank,,China CITIC Bank Corporation Limited
China Coal Energy,,China Coal Energy Company Limited
CCCC,,China Communications Construction Co. Ltd.
China Communications Construction,,China Communications Construction Co. Ltd.
China Construction Bank,,China Construction Bank Corporation
China Development Financial,,China Development Financial Holding Corp.
China Eastern Airlines,,China Eastern Airlines Corp. Ltd.
China Energy Engineering,,China Energy Engineering Corp Ltd
China Everbright International,,China Everbright International Ltd
China Evergrande Group,,China Evergrande Group
China Feihe,,China Feihe Ltd
CFLD,,China Fortune Land Development Co. Ltd.
China Galaxy Securities,,"China Galaxy Securities Co., Ltd."
China Gezhouba,,China Gezhouba Group Company Limited
China Grand Automotive Services,,China Grand Automotive Services Co Ltd
China Hongqiao Group,,China Hongqiao Group Ltd.
China Huarong Asset Management,,China Huarong Asset Management Co Ltd
China International Capital,,China International Capital Corp
China International Marine,,China International Marine Containers (Group) Co.Ltd.
China International Travel Service,,China International Travel Service Corporation Limited
China Jinmao,,China Jinmao Holdings
China Life Insurance,,CHINA LIFE INSURANCE CO. LTD.
China Life,,"China Life Insurance Co., Ltd."
Mengniu,,China Mengniu Dairy Company Limited
China Mengniu Dairy,,China Mengniu Dairy Company Limited
China Merchants Bank,,China Merchants Bank
China Merchants Port Holdings,,China Merchants Holdings International Co. Ltd.
China Merchants Securities,,"China Merchants Securities Co., Ltd."
China Merchants Shekou Industrial Zone Holdings,,China Merchants Shekou Ind Zn Hldg CoLtd
China Minsheng Bank,,"China Minsheng Banking Corp., Ltd."
China Mobile,,China Mobile Limited
China Molybdenum,,China Molybdenum Co. Ltd.
CNBM,,China National Building Material Company Limited
China National Building,,China National Building Material Company Limited
China National Chemical,,"China National Chemical Engineering Co., Ltd."
China National Nuclear Power,,China National Nuclear Power Co Ltd
Inner Mongolia Baotou Steel,,"China Northern Rare Earth (Group) High-Tech Co., Ltd. Class A"
China Nuclear Engineering Corporation,,China Nuclear Engineering Corporation Limited
China Pacific Insurance,,"China Pacific Insurance (Group) Co., Ltd."
Sinopec,,CHINA PETROLEUM & CHEMICAL CORPORATION
China Railway Construction,,China Railway Construction Corp. Limited
China Railway Group,,China Railway Group Ltd.
China Reinsurance Group,,China Reinsurance Group Corporation
China Resources Beer (Holdings),,China Resources Enterprise Ltd.
China Resources Gas Group,,China Resources Gas Group Ltd.
China Resources Land,,China Resources Land Ltd.
China Resources Pharmaceutical Group,,China Resources Pharmaceutical Group Ltd
China Resources Power,,China Resources Power Holdings Co. Ltd.
China SCE Group Holdings,,China SCE Property Holdings Limited
China Shenhua Energy,,China Shenhua Energy Company Limited
China Shipbuilding Industry,,China Shipbuilding Industry Co. Ltd.
CRRC,,China South Locomotive & Rolling Stock Corp. Ltd.
China Southern Airlines,,China Southern Airlines Co. Ltd.
China State Construction Engineering,,China State Construction Engineering Corporation Limited
China Steel,,China Steel Corp.
China Taiping Insurance,,CHINA TAIPING INSURANCE HOLDINGS COMPANY LIMITED
China Telecom,,China Telecom USA Corporation
China Yangtze Power,,China Three Gorges Corp.
China Tower Corp.,,China Tower Corporation Limited
China Unicom,,China Unicom (Hong Kong) Ltd.
China Vanke,,China Vanke Co. Ltd.
China Zheshang Bank,,China Zheshang Bank Co Ltd
Chipotle Mexican Grill,,"Chipotle Mexican Grill, Inc."
Chongqing Zhifei Biological Products,,Chongqing Zhifei Biological Products Co Ltd
Chow Tai Fook Jewellery,,Chow Tai Fook Jewellery Group
Dior,,Christian Dior
Chubb,,Chubb Corporation
Chubu Electric Power,,Chubu Electric Power Company Inc
Chugoku Electric Power,,Chugoku Electric Power Company
Chunghwa Telecom,,Chunghwa Telecom
Church & Dwight,,"Church & Dwight Co., Inc."
CIFI Holdings Group,,CIFI Holdings (Group) Co. Ltd.
Cigna,cignatogether,CIGNA Corporation
CIMB Group Holdings,,CIMB Group Holdings Bhd
Cincinnati Financial,,Cincinnati Financial Corporation
Cintas,,Cintas Corporation
Cisco Systems,cisco,"Cisco Systems, Inc."
CIT Group,,CIT Group Inc.
CITIC,,CITIC Pacific Limited
Citic Securities,,Citic Securities Company
Citigroup,,Citigroup Inc.
Citizens Financial Group,,Citizens Financial Group Inc
Citrix Systems,,"Citrix Systems, Inc."
CJ Cheiljedang,,CJ CheilJedang Corp.
CJ Corporation,,CJ Corporation
CK Asset Holdings,,CK ASSET HOLDINGS LIMITED
CK Hutchison,,CK Hutchison Holdings Limited
Clal Insurance Enterprises,,CLAL IN.ENTS.HDG.LTD.
Clif Bar,,Clif Bar
CLP Holdings,,CLP Holdings Limited
CME Group,,CME Group Inc
CMS Energy,,CMS Energy Corporation
CNH Industrial,,CNH Industrial N.V.
CNO Financial Group,,CNO Financial Group Inc.
CNOOC,,Cnooc Limited
CNP Assurances,,CNP Assurances
Coal India,,Coal India Limited
Coca-Cola European Partners,,Coca-Cola European Partners PLC
Coca-Cola HBC,,COCA-COLA HELLENIC BOTTLING COMPANY S.A.
Cognizant,,Cognizant Technology Solutions Corporation
Coles Group,,Coles Group
Colgate-Palmolive,colgatepalmoliveco,Colgate-Palmolive Company
Coloplast,,Coloplast A/S
Colruyt,,COLRUYT
Xfinity,,Comcast Corporation
Comcast,comcast,Comcast Corporation
Comerica,,Comerica Incorporated
Commercial International Bank,,Commercial International Bank (Egypt) S.A.E.
Commerzbank,,Commerzbank AG
Commonwealth Bank,,Commonwealth Bank of Australia
Cartier,,Compagnie Financiere Richemont SA
Richemont,,Compagnie Financiere Richemont SA
Cemig,,Companhia Energetica de Minas Gerais - CEMIG
Compass Group,,Compass Group PLC
CONAGRA FOODS,conagrafoodservice,"ConAgra Foods, Inc."
Conair,,Conair
Concordia Financial Group,,"Concordia Financial Group, Ltd."
ConocoPhillips,conocophillips,ConocoPhillips
Consolidated Edison,,"Consolidated Edison Company of New York, Inc."
Constellation Brands,,"Constellation Brands, Inc."
Constellation Software,,Constellation Software Inc.
Contemporary Amperex Technology,,Contemporary Amperex Technology Co Ltd
Continental,,CONTINENTAL AG
Cooper Companies,,"Cooper Companies, Inc."
Copart,,"Copart, Inc."
Core-Mark Holding,,Core Mark
Corning,,Corning Incorporated
Corona,,CORONA CORPORATION
Mapfre,,Corp. Mapfre 'R'
Corteva,,Corteva Agriscience
Cosco Shipping,,"COSCO SHIPPING CO., LTD."
Cosmo Energy Holdings,,Cosmo Energy Holdings
CoStar Group,,"CoStar Group, Inc."
Costco Wholesale,costco,Costco Wholesale Corporation
Coty,,Coty Inc.
Country Garden Holdings,,COUNTRY GARDEN HOLDINGS CO. LTD.
Covestro,,Covestro
Covivio,,Covivio
CP All,,CP ALL PUBLIC COMPANY LIMITED
CPFL Energia,,CPFL Energia SA
Credicorp,,Credicorp Ltd.
Credit Agricole,,Credit Agricole SA
Crédit Mutuel,,Credit Mutuel
Credit Suisse Group,,Credit Suisse Group
Credito Emiliano,,CREDITO EMILIANO S.P.A. (CREDEM)
CRH,,CRH PLC
CaixaBank,,Criteria CaixaCorp S.A.
Cronos Group,,Cronos Group Inc
Crown Castle International,,Crown Castle International Corp.
Crown Holdings,,"Crown Holdings, Inc."
Csc Financial,,CSC Financial Co Ltd
CSL,,CSL Limited
CSX,,CSX Corporation
CTBC Financial,,CTBC Financial Holding Co Ltd
ctrip.com,,Ctrip.com International Ltd. (ADS)
Cullen/Frost Bankers,,"Cullen/Frost Bankers, Inc."
Cummins,cummins,"Cummins, Inc."
CVS Health,cvspharmacy,CVS Caremark Corporation
D.R. Horton,drhorton,"D.R. Horton, Inc."
DGB Financial Group,,Daegu Bank
Dai Nippon Printing,,DAI NIPPON PRINTING COMPANY LIMITED
Dai-ichi Life Insurance,,"Dai-ichi Life Holdings,Inc."
Daiichi Sankyo,,Daiichi Sankyo Company Ltd
Daikin,,Daikin Industries Limited
Mercedes-Benz,,Daimler AG
Daimler,,Daimler AG
Daishi Hokuetsu Financial Group,,Daishi Hokuetsu Financial Group Inc
Daito Trust Construction,,Daito Trust Construction Company Limited
Daiwa House Industry,,DAIWA HOUSE INDUSTRY COMPANY LIMITED
Daiwa Securities,,DAIWA SECURITIES GROUP INCORPORATED
Dali Foods Group,,Dali Foods Group Co Ltd
Dalian Wanda Commercial Properties,,"Dalian Wanda Commercial Properties Co., Ltd."
Danaher,,Danaher Corp.
Danske Bank,,Danske Bank A/S
Daqin Railway,,Daqin Railway Co. Ltd.
Darden Restaurants,,"Darden Restaurants, Inc."
Dassault Aviation,,DASSAULT AVIATION S.A.
Dassault Systemes,,Dassault Systemes
Datang International Power,,Datang International Power Generation Co. Ltd.
DaVita,,"DaVita, Inc."
Db Insurance,,DB INSURANCE CO. LTD
DBS,,DBS Group Holdings Limited
DCC,,DCC PLC
DEAN FOODS,,Dean Foods Company
Deere & Company,johndeere,Deere & Company
Delek Group,,Delek Group Ltd.
Delivery Hero,,Delivery Hero AG
Dell Technologies,dell,Dell Technologies Inc
Deloitte,,Deloitte
Delta Air Lines,delta,"Delta AirLines, Inc."
Delta Electronics,,Delta Electronics Inc.
Denso,,Denso Corp.
Dentsu,,DENTSU INCORPORATED
Deutsche Bank,,Deutsche Bank AG
Deutsche Boerse,,Deutsche Boerse AG
Deutsche Lufthansa,,Deutsche Lufthansa AG
Deutsche Pfandbriefbank,,Deutsche Pfandbriefbank AG
DHL,,Deutsche Post AG
Deutsche Post,,Deutsche Post AG
Deutsche Telekom,,Deutsche Telekom AG
Deutsche Wohnen,,Deutsche Wohnen
DexCom,,"DexCom, Inc."
Diageo,,Diageo
Diamondback Energy,,"Diamondback Energy, Inc."
DICK'S SPORTING GOODS,dickssportinggoods,"Dick's Sporting Goods, Inc."
Digital Realty Trust,,Digital Realty Trust Corporation
DILLARD'S,dillards,"Dillard's, Inc."
Discover Financial Services,,Discover Financial Services LLC
Discovery,discovery,"Discovery Communications, Inc."
DISH Network,dishnetwork,DISH Network Corporation
Dixons Carphone,,Dixons Carphone
DNB,,DNB Nor ASA
Subway,,Doctor's Associates Inc (Subway Restaurants)
DocuSign,,DocuSign Inc
Dole Food,,"Dole Food Co., Inc."
Dollar General,dollargeneral,Dollar General Corporation
Dollar Tree,dollartree,"Dollar Tree Stores, Inc."
Dollarama,,Dollarama Inc
Dominion Energy,,"Dominion Resources, Inc."
Domino's Pizza,,Domino's Pizza LLC
Dongfeng Motor Group,,Dongfeng Motor Group (H)
Doosan,,Doosan Corporation
Dover,,Dover Corporation
Dow,,Dow Inc.
DP World,,DP World Limited
Keurig,,Dr Pepper Snapple Group
DSV Panalpina,,DSV Panalpina A/S
DTE Energy,dte_energy_official,DTE Energy Company
Dubai Islamic Bank,,Dubai Islamic Bank PJSC
Duke Energy,duke_energy,Duke Energy Corporation
Duke Realty,,Duke Realty Corporation
Dunkin',,Dunkin' Brands Group
DuPont de Nemours,,DuPont de Nemours Inc.
DXC Technology,,DXC Technology Co.
E-Trade Financial,,E*TRADE Financial Corp.
E.ON,,E.ON AG
E.Sun Financial,,E.Sun Financial Holding Co. Ltd.
East Japan Railway,,EAST JAPAN RAILWAY COMPANY LIMITED
East Money Information,,East Money Information Co Ltd
East West Bancorp,,"East West Bancorp, Inc."
Eastman Chemical,,Eastman Chemical Company
Eaton,,Eaton Corporation
eBay,ebay,eBay Inc.
Ecolab,,Ecolab Inc.
Ecopetrol,,Ecopetrol SA
EDF,,EDF
Edison International,,Edison International
Edwards Lifesciences,,Edwards Lifesciences Corporation
Eurobank Ergasias,,EFG Eurobank Ergasias SA
EFG International,,EFG International AG
Eiffage,,Eiffage
Eisai,,Eisai Inc.
El Corte Inglés,,"El Corte Ingles, S.A."
E-L Financial,,E-L FINANCIAL CORPORATION LIMITED
El Puerto de Liverpool,,"EL PUERTO DE LIVERPOOL, S.A. DE C.V."
Electric Power Development,,Electric Power Development Company Limit
Electronic Arts,,Electronic Arts Inc.
Eli Lilly,,Eli Lilly and Company
Emaar Properties,,EMAAR PROPERTIES PJSC
E-mart,,"E-MART CO.,LTD"
Emera,,Emera Inc
Emerson Electric,,Emerson Electric Co.
Emirates,,Emirates National Oil Company
Emirates NBD,,EMIRATES NBD PJSC
Etisalat,,Emirates Telecommunications Corporation
Empire,,Empire Bancorp Inc
EMS-Chemie Holding,,EMS CHEMIE (North America) Inc.
Enbridge,,Enbridge Inc.
Enel,,Enel S.p.A.
Edp-energias De Portugal,,Energias De Portugal
ENGIE,,ENGIE
Eni,,ENI - ENTE NAZIONALE IDROCARBURI
ENN Energy Holdings,,ENN Energy Holdings Limited
Enstar Group,,Enstar Group Ltd.
Entergy,,Entergy Corporation
Enterprise,,Enterprise Rent-A-Car Company
EOG Resources,,"EOG Resources, Inc."
Epiroc,,Epiroc AB
Equifax,,Equifax Inc.
Equinix,,"Equinix, Inc."
Equinor,,EQUINOR ASA
Equitable Holdings,,Equitable Holdings Inc
Equity Residential,,Equity Residential
Ericsson,,Ericsson
Ernst & Young,,Ernst & Young
Erste Group Bank,,Erste Group Bank AG
ESPN,,ESPN
EssilorLuxottica,,EssilorLuxottica SA
Essity Ab,,Essity AB (publ)
Esso,,Esso Francaise SA
ESTEE LAUDER,esteelauder,Estee Lauder Inc.
Clinique,,Clinique VI
Everest Re Group,,Everest RE Group Limited
Evergy,,Evergy Inc
Eversource Energy,eversourceenergy,Eversource Energy
Evonik,,Evonik Industries AG
Exelon,,Exelon Corporation
EXOR,,EXOR S.p.A.
Expedia Group,expedia,Expedia Inc
Expeditors International,,"Expeditors International of Washington, Inc."
Experian,,"Experian Group, Ltd"
Express Scripts,,"Express Scripts, Inc."
Extra Space Storage,,Extra Space
ExxonMobil,exxonmobil,Exxon Mobil Corporation
F.N.B.,,F.N.B. Corporation
Facebook,facebook,Facebook
Fairfax Financial,,Fairfax Financial Holdings Limited
Fannie Mae,,Fannie Mae
Fanuc,,FANUC LTD
Far East Horizon,,FAR EAST HORIZON LIMITED
Far Eastern New Century,,Far Eastern Textile Ltd.
UNIQLO,,"Fast Retailing Co, Ltd"
Fast Retailing,,"Fast Retailing Co, Ltd"
Fastenal,,Fastenal Company
Fastighets Balder,,Fastighets AB Balder
FedEx,fedex,FedEx Corporation
Ferguson,,Ferguson PLC
Ferrari,,Ferrari SpA
Ferrovial,,Ferrovial S.A.
Fiat Chrysler Automobiles,,Fiat Auto
Fibra Uno,,Fibra Uno Administracion SA de CV
Fidelity Investments,,Fidelity Investments
Fidelity National Financial,,"Fidelity National Financial, Inc."
Fifth Third Bank,fifththirdbank,Fifth Third Bank
Financial Street Holdings,,"FINANCIAL STREET HOLDINGS CO., LTD."
Financiere de l'Odet,,Financiere de l'Odet SA
Finatis,,FINATIS S.A.
FinecoBank,,FinecoBank SpA
First Abu Dhabi Bank,,First Abu Dhabi Bank P.J.S.C.
First American Financial,,First American Financial Corp
First Citizens Bank,,"First Citizens BancShares, Inc."
First Financial Holding,,First Financial Holding Co. Ltd.
First Horizon National,,First Horizon National Corporation
First Pacific,,FIRST PACIFIC CO. LTD.
First Republic Bank,,First Republic Bank
FirstEnergy,,FirstEnergy Corp.
FirstRand,,FirstRand Ltd.
Fidelity National Information,,FIS
Fiserv,,"Fiserv, Inc."
FleetCor Technologies,,"FleetCor Technologies, Inc."
Flex,,FLEX FOODS LIMITED
Fluor,,Fluor Corporation
Technipfmc,,"FMC Technologies, Inc."
Femsa,,Fomento Economico Mexicano S.A.
Foot Locker,footlocker,"Foot Locker, Inc."
Ford Motor,ford,Ford Motor Company
Forever 21,,Forever 21 Inc
Formosa Chemicals,,Formosa Chemicals & Fibre Corp.
Formosa Petrochemical,,Formosa Petrochemical Corp.
Formosa Plastics,,Formosa Plastics Corp.
Fortescue Metals Group,,FORTESCUE METALS GROUP LTD
Fortinet,,Fortinet Inc
Fortis (Canada),,Fortis Inc
Fortive,,FORTIVE CORPORATION
Fortum,,Fortum OYJ
Foshan Haitian Flavouring and Food,,"Foshan Haitian Flavouring & Food Co., Ltd."
Fosun International,,Fosun International Ltd.
Shanghai Fosun Pharmaceutical,,Fosun Pharmaceutical
Founder Securities,,"FOUNDER SECURITIES CO., LTD."
Fox Corp,,Fox Corp
Franco-Nevada,,Franco-Nevada Corporation
Franklin Resources,,Franklin Resources Inc
Freddie Mac,freddiemaccorp,Freddie Mac
Freeport-McMoRan,,Freeport-McMoRan Copper & Gold Inc.
Fresenius,,Fresenius SE
Frontier Communications,,Frontier Communications
Fubon Financial,,Fubon Financial Holding Co. Ltd.
Fujifilm Holdings,,Fujifilm Holdings Corp.
Fujitsu,,FUJITSU LIMITED
Fukuoka Financial Group,,Fukuoka Financial Group Inc.
Fuyo General Lease,,"Fuyo General Lease Co., Ltd."
GAIL India,,Gail(India) Limited
Galaxy Entertainment,,GALAXY ENTERTAINMENT GROUP LIMITED
Galp Energia,,Galp Energia Sgps
GAMESTOP,gamestop,GameStop Corp.
GAP,gap,Gap Inc.
Garmin,,Garmin International Inc.
Gazprom,,Gazprom
GD Power Development,,"GD Power Development Co., Ltd."
Geberit,,GEBERIT AG
Gecina,,Gecina
Geely Automobile Holdings,,Geely Automobile Holdings Ltd.
GEICO,,GEICO
Gemdale,,Gemdale Corporation
GCI Liberty,,"General Communication, Inc. (GCI)"
General Electric,generalelectric,General Electric Company
General Mills,generalmills,"General Mills, Inc."
Chevrolet,,General Motors Corporation (GM)
General Motors,generalmotors,General Motors Corporation (GM)
Genmab,,Genmab A/S
Genting,,Genting Bhd
Genuine Parts,genuineparts,Genuine Parts Company
Genworth Financial,,"Genworth Financial, Inc."
George Weston,,George Weston Limited
GF Securities,,"GF Securities Co., Ltd."
Gilead Sciences,,"Gilead Sciences, Inc."
Givaudan,,Givaudan S.A.
GlaxoSmithKline,,Glaxo Smith Kline
Glencore International,,GLENCORE INTERNATIONAL PLC
Global Payments,,Global Payments Inc.
Globe Life,,Globe Life Inc
Hyundai Glovis,,GLOVIS CO. LTD.
Goodman Group,,Goodman Group
Google,,"Google, Inc."
Alphabet,,"Google, Inc."
Grasim Industries,,Grasim Industries Limited
Great Wall Motor,,"Great Wall Motor Co., Ltd."
Gree Electric Appliances,,Gree Electrical Appliances Income
Gree,,Gree Inc
Greenland Holdings Group,,Greenland Holdings Corporation Limited
Greentown China Holdings,,Greentown China Holdings Ltd.
Grifols,,Grifols SA
Danone,,Groupe Danone
SEB SA,,Groupe SEB
Grupo Aval,,"GRUPO AVAL ACCIONES Y VALORES, S.A."
Grupo Bimbo,,"Grupo Bimbo, S.A. de C.V."
Banco Btg Pactual,,Grupo BTG Pactual
Grupo Elektra,,Grupo Elektra S.A. de C.V.
Banorte,,"Grupo Financiero Banorte, S.A. de C.V."
Grupo Mexico,,Grupo Mexico S.A.
Companhia Brasileira de Distribuicao,,Grupo Pao de Acucar - Companhia Brasileira de Distribuicao
GS Holdings,,GS Holdings Corp.
Guangdong Haid Group,,"Guangdong Haid Group Co., Limited"
Guangdong Investment,,Guangdong Investment Ltd.
Guangzhou Automobile Group,,Guangzhou Automobile Group Co. Ltd.
Guangzhou Baiyunshan Pharmaceutical Holdings,,GUANGZHOU BAIYUNSHAN PHARMACEUTICAL HOLDINGS COMPANY LIMITED
Yuexiu Property,,GUANGZHOU INV.CO.LTD.
Guangzhou R&F,,Guangzhou R&F Properties Co.Ltd.
GUCCI,,Gucci
Guoco Group,,Guoco Group Limited
Guosen Securities,,Guosen Securities Co Ltd
Guotai Junan Securities,,Guotai Junan International Holdings Limited
KRAFT HEINZ,kraftheinzus,H. J. Heinz Company
Sabanci Holding,,Haci Omer Sabanci Holding A.S.
Haidilao,,Haidilao International Holding Ltd
Haier,,"HAIER ELECTRONICS GROUP CO., LTD."
Hainan Airlines,,"Hainan Airlines Co., Ltd."
Haitong Securities,,HAITONG Securities Company Limited
ICA Gruppen,,Hakon Invest AB
Hakuhodo DY Holdings,,Hakuhodo DY Holdings Inc
HAL Trust,,HAL Trust
Halliburton,halliburton,Halliburton Company
Hallmark Cards,,"Hallmark Cards, Inc."
Hana Financial Group,,Hana Financial Group Inc.
HANESBRANDS,hanes,Hanesbrands Inc.
Hang Lung Group,,Hang Lung Group Limited
Hankyu Hanshin Holdings,,Hankyu Hanshin Holdings Inc
Hanwa,,HANWA COMPANY LIMITED
Hanwha,,Hanwha Chemical
Harbin Bank,,Harbin Bank Co Ltd
HARLEY-DAVIDSON,harleydavidson,"Harley-Davidson, Inc."
Hasbro,,"Hasbro, Inc."
Haseko,,Haseko Corporation
HCA Healthcare,,HCA Inc
HCL,,HCL Infosystems Ltd.
HCL Technologies,,HCL Technologies Ltd.
HDFC Bank,,HDFC Bank Ltd.
Healthpeak Properties,,"Healthpeak Properties, Inc."
Heico,,HEICO Corporation
HeidelbergCement,,Heidelbergcement AG
Heineken,,Heineken NV
Helvetia Holding,,Helvetia Holding AG
Henderson Land,,Henderson Land Development Company Limit
Hengli Petrochemical,,"Hengli Petrochemical Co., Ltd."
Henkel,,HENKEL KGAA
H&M,,Hennes & Mauritz
hennessy,,"Hennessy Advisors, Inc."
Henry Schein,,Henry Schein
Hermès International,,Hermes International
HERTZ GLOBAL HOLDINGS,hertz,Hertz Global Holdings Inc
Hess,,Hess Corporation
Hesteel,,Hesteel Group Company Limited
Hewlett Packard Enterprise,hp,Hewlett Packard Enterprise Co
Hexagon,,Hexagon AB
Hikari Tsushin,,Hikari Tsushin Inc
Hilton,hilton,HILTON WORLDWIDE HOLDINGS INC.
Hindalco Industries,,"Hindalco Industries, Ltd."
Hitachi,,Hitachi Limited
Hobby Lobby,,Hobby Lobby
Hokkoku Bank,,HOKKOKU BANK
HollyFrontier,,HollyFrontier Corp.
Holmen AB,,HOLMEN AB
Hologic,,"Hologic, Inc."
Home Depot,homedepot,"Home Depot, Inc."
Hon Hai Precision,,Hon Hai Precision Industry Co. Ltd.
Honda Motor,,Honda Motor Company Limited
Honeywell International,,Honeywell International Inc.
Hong Kong Exchanges,,Hong Kong Exchanges & Clearing Limited
Hong Leong Financial,,Hong Leong Financial Group Berhad
Hopson Development Holdings,,Hopson Development Holdings Ltd.
Hormel Foods,,Hormel Foods Corporation
Host Hotels & Resorts,,Host Hotels & Resorts Inc.
Hotai Motor,,HOTAI MOTOR COMPANY LIMITED
HDFC,,Housing Development Finance Corp. Ltd.
Howmet Aerospace,,HOWMET AEROSPACE INC.
Hoya,,Hoya Corporation
HSBC Holdings,,HSBC Holdings PLC
Hua Nan Financial,,Hua Nan Financial Holding Co. Ltd.
Huaxia Bank,,Hua Xia Bank
Huadian Power International,,Huadian Power International Corp. Ltd.
Huafa Industrial,,"Huafa Industrial Co.,LTD.Zhuhai"
Huaibei Mining Holdings,,"Huaibei Mining (Group) Co., Ltd"
Huaneng Power International,,Huaneng Power International Inc.
Huatai Securities,,"Huatai Securities Co., Ltd."
Huawei,,Huawei Technologies
Huishang Bank,,HUISHANG BANK CORPORATION LIMITED
Humana,humana,Humana Inc.
Hunan Valin Steel,,"Hunan Valin Steel Co., Ltd."
Huntington Bank,,Huntington Bancshares Incorporated
Huntington Ingalls Industries,,"Huntington Ingalls Industries, Inc."
Huntsman,,Huntsman International LLC
Husky Energy,,Husky Energy Inc.
Hyakugo Bank,,HYAKUGO BANK
Hyakujushi Bank,,HYAKUJUSHI BANK
Hyatt Hotels,,Hyatt Hotels Corporation
Hydro One,,Hydro One Inc.
SK Hynix,,Hynix Semiconductor Inc.
Hyundai Engineering,,Hyundai Engineering & Construction
Korea Shipbuilding & Offshore Engineering,,"Hyundai Heavy Industries Co., Ltd."
Hyundai Heavy Industries Holdings,,Hyundai Heavy Industries Holdings Co. Ltd.
Hyundai Marine & Fire,,HYUNDAI MARINE & FIRE INSURANCE COMPANY
Hyundai Mobis,,Hyundai Mobis
Hyundai Motor,,Hyundai Motor Co.
Hyundai Steel,,Hyundai Steel Company
Hikvision,,"HZ HIK-VISION DIGITAL TECH. CO.,LTD."
IAC/InterActiveCorp,,IAC/Interactivecorp
Iberdrola,,Iberdrola Renovables S.A.
ICICI Bank,,ICICI Bank Ltd
IDBI Bank,,IDBI Bank Limited
Vodafone Idea,,Idea Cellular Ltd.
Idemitsu Kosan,,Idemitsu Kosan Company Limited
IDEX,,IDEX Corporation
IDEXX Laboratories,,"IDEXX Laboratories, Inc."
iHeartMedia,,"iHeartMedia, Inc."
IHS Markit,,IHS Markit Ltd
Iida Group Holdings,,"Iida Group Holdings Co., Ltd."
IKEA,,IKEA Group
Iliad,,Iliad S.A.
Illinois Tool Works,,Illinois Tool Works Inc.
Illumina,,"Illumina, Inc."
Imperial Brands,,Imperial Tobacco Group Ltd
Inchcape,,Inchcape Plc
Incyte,,Incyte Corporation
Indian Bank,,Indian Bank Ltd.
Indian Oil,,Indian Oil Corp. Ltd.
ZARA,,Inditex SA
Indorama Ventures,,Indorama Ventures PCL
IndusInd Bank,,IndusInd Bank Limited
ICBC,,Industrial & Commercial Bank of China
iA Financial Corporation,,Industrial Alliance Insurance and Financial Services Inc.
Industrial Bank,,Industrial Bank Co. Ltd.
Industrial Bank of Korea,,Industrial Bank Of Korea
Infineon Technologies,,Infineon Technologies AG
Infosys,,Infosys Technologies
ING Group,,ING GROEP N.V.
Inmobiliaria Colonial,,Inmobiliaria Colonial SA
Inner Mongolia Yili,,INNER MONGOLIA YILI ENERGY COMPANY LIMITED
Yili,,"INNER MONGOLIA YILI INDUSTRIAL GROUP CO., LTD."
Inpex,,INPEX HOLDINGS INC
Inspur Electronic Information Industry,,"Inspur Electronic Information Industry Co., Ltd."
Insurance Australia Group,,Insurance Australia Group
Intact Financial,,Intact Financial Corp.
Intel,intel,Intel Corporation
Interactive Brokers Group,,Interactive Brokers Group Inc.
Holiday Inn,,Intercontinental Hotels Group
IntercontinentalExchange,,"IntercontinentalExchange, Inc."
IBM,ibm,International Business Machines Corporation (IBM)
International Airlines,,International Consolidated Airlines Group S. A.
International Flavors & Fragrances,,International Flavors & Fragrances Inc.
International Paper,,International Paper
Interpublic Group,interpublicipg,Interpublic Group of Companies
Intesa Sanpaolo,,Intesa Sanpaolo
Intuit,,Intuit Inc.
Intuitive Surgical,,"Intuitive Surgical, Inc."
Inventec,,Inventec Corp.
Invesco,,Invesco Ltd.
Investec,,Investec Limited
Investor AB,,Investor AB
IQVIA,,Iqvia Holdings Inc
Israel Discount Bank,,Israel Discount Bank Limited
Isuzu Motors,,Isuzu Motors Limited
Itaú Unibanco Holding,,Itau Unibanco Holding SA
Itaúsa,,Itausa Investimentos Itau SA
ITC,,ITC Holdings Corp
Itochu,,Itochu
J.C. PENNEY,jcpenney,"J. C. Penney Company, Inc."
J Sainsbury,,J. SAINSBURY PLC
J.B. Hunt Transport Services,,"J.B. Hunt Transport Services, Inc."
JM Smucker,smuckersbrand,J.M. Smucker Co.
Jacobs,,Jacobs Douwe Egberts BV
Land Rover,,Jaguar Land Rover
Warby Parker,,"JAND, Inc."
Japan Airlines,,Japan Airlines
Japan Exchange Group,,"Japan Exchange Group, Inc."
Japan Post Holdings,,"JAPAN POST HOLDINGS Co.,Ltd."
Japan Tobacco,,Japan Tobacco Inc
Jardine Matheson,,Jardine Matheson Holdings Ltd.
JB Financial Group,,"JB FINANCIAL GROUP CO.,LTD"
JBS,,JBS SA
JD.com,,"JD.com, Inc."
Jefferies Financial,,JEFFERIES FINANCIAL GROUP INC.
Jeronimo Martins,,JERONIMO MARTINS SGPS SA
JETBLUE AIRWAYS,jetblue,JetBlue Airways Corporation
JFE Holdings,,JFE Holdings
JG Summit Holdings,,JG Summit Holdings Inc.
Jiangsu Hengrui Medicine,,"JIANGSU HENGRUI MEDICINE CO., LTD."
Jiangsu Yanghe Brewery,,"Jiangsu Yanghe Brewery Joint-Stock Co., Ltd."
Jiangsu Zhongnan Construction Group,,"Jiangsu Zhongnan Construction Group Co., Ltd."
Jiangxi Copper,,Jiangxi Copper Co. Ltd.
CNPC Capital,,Jinan Diesel Engine Company Limited
Jinke Property Group,,"Jinke Property Group Co., Ltd."
Johnson & Johnson,jnj,Johnson & Johnson
Johnson Controls International,,"Johnson Controls, Inc."
Johnson Matthey,,Johnson Matthey Inc.
Jointown Pharmaceutical Group,,"Jointown Pharmaceutical Group Co., Ltd."
Jones Lang LaSalle,,Jones Lang LaSalle Incorporated
JPMorgan Chase,jpmorgan,JP Morgan Chase & Co.
Halyk Bank,,JSC HALYK BANK
Inter Rao,,JSC INTER RAO UES
JSW Steel,,JSW Steel Limited
JTEKT,,JTEKT North America
Julius Baer Group,,Julius Baer
Juroku Bank,,JUROKU BANK
Just Eat Takeaway.com,,Just Eat Takeaway.com N.V.
Just Group,,Just Group PLC
JUUL,,JUUL Labs Inc
JXTG Holdings,,JXTG Holdings. Inc.
Jyske Bank,,Jyske Bank A/S
Kaisa Group Holdings,,KAISA GROUP HOLDINGS LTD.
Kajima,,KAJIMA CORPORATION
Kansai Electric Power,,Kansai Electric Power Company Inc
Kansas City Southern,,Kansas City Southern
Kao,,KAO CORP
Kasikornbank,,Kasikornbank PCL
Kawasaki Heavy Industries,,Kawasaki Heavy Industries Inc
KB Financial Group,,KB Financial Group Inc.
KBC,,KBC Ancora
KBC Group,,KBC Bank
KDDI,,KDDI CORPORATION
Keiyo Bank,,KEIYO BANK
Kellogg,kelloggsus,Kellogg Company
Keppel,,Keppel Corp. Limited
Kering,,Kering Group
Kerry Group,,KERRY GROUP PLC
Kerry Properties,,Kerry Properties Limited
KeyCorp,,KeyCorp
Keyence,,KEYENCE CORPORATION
Keysight Technologies,,"KEYSIGHT TECHNOLOGIES, INC."
KIA Motors,,Kia Motors Corporation
Huggies,,Kimberly-Clark Corporation
Kimberly-Clark,,Kimberly-Clark Corporation
Kinder Morgan,,"Kinder Morgan, Inc"
Kingfisher,,KINGFISHER PLC
Kingspan Group PLC,,Kingspan Group PLC
Kintetsu,,Kintetsu Corp.
KION Group,,KION GROUP AG
Kirin Holdings,,Kirin Holdings Company Limited
Kirkland Lake Gold,,Kirkland Lake Gold Inc
KLA,,KLA Corp
Klepierre,,Klepierre
Knorr-Bremse,,Knorr-Bremse AG
Kobe Steel,,Kobe Steel Limited
Koç Holding,,KOC Holding A.S.
Koch Industries,,"Koch Industries, Inc."
Kohl's,kohls,Kohl's Corporation
Kojamo Oyj,,Kojamo Oyj
Komatsu,,Komatsu Ltd.
Kone,,"KONE, Inc."
DSM,,Koninklijke DSM
KPN,,Koninklijke KPN NV
Philips,,Koninklijke Philips Electronics Na
Vopak,,Koninklijke Vopak N.V.
Korea Electric Power,,Korea Electric Power Corporation
Korea Gas,,Korea Gas Company
Korea Investment Holdings,,"Korea Investment Holdings Co., Ltd"
Kotak Mahindra Bank,,Kotak Mahindra Bank Ltd
KPMG,,KPMG International
Krispy Kreme,,"Krispy Kreme Doughnuts, Inc."
Kroger,krogerco,Kroger Co.
Krung Thai Bank,,Krung Thai Bank PCL
Kubota,,KUBOTA CORPORATION
Kuehne & Nagel International,,Kuehne & Nagel
Kuwait Finance House,,Kuwait Finance House KSC
Kweichow Moutai,,"Kweichow Moutai Co., Ltd."
KWG Group Holdings,,KWG Property Holding Limited
Kyocera,,KYOCERA CORPORATION
Kyushu Electric Power,,Kyushu Electric Power Company Inc
Victoria's Secret,,L Brands
L Brands,,L Brands
L.L. Bean,,"L.L. Bean, Inc."
L3Harris Technologies,,L3Harris Technologies Inc
LabCorp,,Laboratory Corporation of America Holdings
LafargeHolcim,,LafargeHolcim Ltd
Lam Research,,Lam Research Corporation
Lamb Weston Holdings,,Lamb Weston
LAND O'LAKES,landolakesinc,Land O'Lakes
LARGAN Precision,,Largan Precision Co. Ltd.
Larsen & Toubro,,Larsen & Toubro
Las Vegas Sands,,"Las Vegas Sands, Inc."
Lear,,Lear Corporation
LEG Immobilien AG,,LEG Immobilien
Legal & General Group,,Legal & General Group PLC
Legend Holding,,Legend Corporation Ltd
Lego,,LEGO
Legrand,,Legrand
Leidos,,Leidos Holdings Inc
Lennar,,Lennar Corporation
Lenovo Group,,Lenovo Group Ltd.
Leonardo,,Leonardo S.p.A
Levi's,,Levi Strauss & Co.
LG Chem,,LG Chem Ltd
LG Group,,LG Corp.
LG Display,,"LG Display Co., Ltd."
LG Electronics,,LG Electronics Inc.
LG Household & Health Care,,"LG Household & Health Care, Ltd."
Liberbank,,"Liberbank, S.A."
Liberty Global,,"Liberty Global, Inc."
LIBERTY MUTUAL INSURANCE GROUP,libertymutual,Liberty Mutual Group
LIC,,"LIC CO.,LTD."
Lidl,,Lidl Dienstleistung GmbH & Co KG (Lidl)
Lincoln National,,Lincoln National Corp.
Linde,,LINDE PUBLIC LIMITED COMPANY
Lindt & Sprungli,,Lindt & Sprungli
Link REIT,,Link Real Estate Investment Trust
LinkedIn,,LinkedIn Corp.
LITHIA MOTORS,lithiamotors,"Lithia Motors, Inc."
Live Nation Entertainment,,"Live Nation, Inc."
Lixil Group,,LIXIL Group Corp.
LKQ,,LKQ Corporation
Lloyds Banking Group,,Lloyds TSB Group Plc
Lockheed Martin,lockheedmartin,Lockheed Martin Corporation
Loews,,Loews Corporation
Logan Property Holdings,,Logan Property Holdings Co Ltd
London Stock Exchange,,London Stock Exchange
Longfor Group Holdings,,Longfor Properties Company Limited
Longi Green Energy Technology,,LONGi Green Energy Technology Co Ltd
Lonza Group,,Lonza Inc
L'Oréal,,L'Oreal
Lotte Chemical,,Lotte
Lotte Shopping,,"Lotte Shopping Co., Ltd."
Lowe's,loweshomeimprovement,"Lowe's Companies, Inc."
LT Group,,"LT GROUP, INC."
Luzhou Lao Jiao,,Lu Zhou Lao Jiao Co.Ltd
LukOil,,Lukoil Holdings
Lululemon Athletica,,lululemon athletica
Lundbergs,,Lundbergforetagen AB
Lundin Energy,,Lundin Petroleum AB
Luxshare Precision Industry,,Luxshare Precision Industry Co Ltd
Luzerner Kantonalbank,,Luzerner Kantonalbank
Louis Vuitton,,LVMH
Lyft,,Lyft Inc
M&G,,M&G PLC
M&T Bank,,M&T Bank Corporation
Macquarie Group,,Macquarie Group
Macy's,macys,"Macy's, Inc."
Magazine Luiza,,Magazine Luiza S.A.
Magna International,,Magna International Inc.
Magnit,,Magnit Ojsc
Magnitogorsk Iron & Steel,,Magnitogorskiy metallurg. kombinat OAO
Mahindra & Mahindra,,Mahindra & Mahindra Ltd
Makita,,MAKITA CORPORATION
Maybank,,Malayan Banking Bhd
Manpower,,ManpowerGroup
Manulife,,Manulife Financial Corporation
Marathon Oil,,Marathon Oil Corporation
Marathon Petroleum,,Marathon Petroleum Corp.
Mowi ASA,,MARINE HARVEST ASA
Markel,,Markel Corporation
Marketaxess Holdings,,MarketAxess Holdings Inc.
Marks & Spencer,,Marks and Spencer Group p.l.c.
Marriott International,marriottintl,"Marriott International, Inc."
Marsh & McLennan,,Marsh & McLennan Companies
Marshalls,,Marshalls PLC
Martin Marietta Materials,,"Martin Marietta Materials, Inc."
Marubeni,,Marubeni Corp.
Marvell Technology Group,,Marvell Technology Group Ltd.
Masco,,Masco Corporation
Masraf Al Rayan,,Masraf Al Rayan (Q.S.C.)
Mastercard,mastercard,MasterCard Inc.
Match Group,,Match Group Inc
MATTEL,mattel,"Mattel, Inc."
Maxim Integrated Products,,"Maxim Integrated Products, Inc."
Mazda Motor,,MAZDA MOTOR CORPORATION
McCain,,McCain Foods Limited
McCormick,,"McCormick & Company, Incorporated"
McDonald's,mcdonalds,McDonald's Corporation
McKesson,,McKesson Corporation
McKinsey,,McKinsey & Company
MediaTek,,Mediatek Inc.
Medical Properties Trust,,"Medical Properties Trust, Inc."
Mediobanca,,Mediobanca
Banca Mediolanum,,Mediolanum
Medipal Holdings,,MEDIPAL HOLDINGS CORPORATION
Medtronic,,"Medtronic, Inc."
Mega Financial Holding,,Mega Financial Holding Co. Ltd.
Meiji Holdings,,MEIJI Holdings Co Ltd
Meituan Dianping,,Meituan Dianping
Melrose Industries,,Melrose PLC
MercadoLibre,,Mercadolibre Inc.
Mercantil Servicios,,"Mercantil Servicios Financieros, C.A."
Merck & Co.,merck,"Merck & Co., Inc."
EMD Group,merck,"Merck & Co., Inc."
Mercuries & Associates,,"MERCURIES & ASSOCIATES,LTD"
Meritz Financial Group,,MERITZ FINANCIAL GROUP INC.
Meritz Securities,,"MERITZ SECURITIES CO.,LTD"
Merlin Properties SOCIMI S.A,,Merlin Properties SOCIMI
Metallurgical Corp of China,,Metallurgical Corp. of China Ltd.
MetLife,,"MetLife, Inc."
Metropolitan Bank & Trust,,Metropolitan Bank & Trust Company
Mettler-Toledo International,,Mettler-Toledo International Inc.
MGM Resorts,,MGM Resorts International
MICHAELS COS.,michaelsstores,"Michaels Stores, Inc."
Michelin Group,,Michelin
Microchip Technology,,Microchip Technology Incorporated
Xbox,,Microsoft Corporation
Microsoft,microsoft,Microsoft Corporation
Mid-america Apartment Communities,,"Mid-America Apartment Communities, Inc."
Midea Group,,"Midea Group Co., Ltd."
Migdal Insurance,,Migdal Insurance & Financial Holdings
Banco Comercial Portugues,,Millennium Banco Comercial Portugues
Mirae Asset Daewoo,,Mirae Asset Daewoo
Mitsubishi Chemical,,Mitsubishi Chemical Holdings Corp.
Mitsubishi,,Mitsubishi Corp.
Mitsubishi Electric,,Mitsubishi Electric USA
Mitsubishi Estate,,Mitsubishi Estate Company Limited
Mitsubishi Heavy Industries,,Mitsubishi Heavy Industries
Mitsubishi Motors,,Mitsubishi Motors Corp.
Mitsubishi UFJ Lease,,Mitsubishi UFJ Lease & Finance
Mitsui,,Mitsui & Company Limited
Mizrahi Tefahot Bank,,Mizrahi Tefahot Bank Ltd.
Mizuho Financial,,Mizuho Financial Group Inc
Moscow Exchange,,MMVB-RTS OAO
Mohawk Industries,,"Mohawk Industries, Inc."
MOL Hungarian Oil,,MOL Hungarian Oil and Gas Plc
Molina Healthcare,,"Molina Healthcare, Inc."
Molson Coors Brewing,,Molson Coors Brewing Company
Momentum Metropolitan Holdings,,Momentum Metropolitan Holdings Ltd
Mondelez International,,Mondelez International
Mondi,,Mondi PLC
Monster Beverage,,Monster Beverage Corp
Moody's,,Moody's Corp.
Morgan Stanley,morgan.stanley,Morgan Stanley
Motorola Solutions,motorolaus,"Motorola, Inc."
Mozilla,,Mozilla Corporation
MS&AD Insurance,,"MS&AD Insurance Group Holdings, Inc."
MSCI,,MSCI Inc.
MTN Group,,MTN Group Limited
MTR,,MTR Corporation Limited
MTU Aero Engines AG,,MTU Aero Engines North America
Munich Re,,MUENCHENER RUCKVERSICHERUNGS-GES AG
Murata Manufacturing,,MURATA MANUFACTURING CO LIMITED
Murphy Oil,,Murphy Oil Corporation
Murphy USA,,Murphy USA Inc.
Musashino Bank,,MUSASHINO BANK
Muyuan Foodstuff,,Muyuan Foodstuff Co Ltd
Mylan,,Mylan Laboratories Inc.
Bandai Namco Holdings,,Namco Bandai Holdings Inc
Nan Ya Plastics,,Nan Ya Plastics Corp.
Nanto Bank,,NANTO BANK
NARI Technology Development,,"NARI Technology Development Co., Ltd."
Naspers,,Naspers Ltd.
nab,,National Australia Bank Limited
National Bank of Canada,,National Bank of Canada
National Bank of Kuwait,,National Bank Of Kuwait
National Grid,,National Grid plc
NATIONAL OILWELL VARCO,nationaloilwellvarco,National Oilwell Varco
NatWest,,National Westminster Bank Plc (NatWest)
NATIONWIDE,nationwide,"Nationwide Financial Services, Inc."
Natixis,,Natixis
Naturgy Energy Group,,Naturgy Energy Group SA
Naver,,Naver Corporation
Navient,,NAVIENT CORPORATION
NBC,,NBC Universal
National Commercial Bank,,NCB
NCR,,NCR Corporation
NEC,,NEC Corporation
Nedbank,,Nedbank Group Limited
Neste,,Neste Oil OYJ
Nestle,,Nestle
Purina,,Nestle
t mobile,,net mobile AG
NetApp,,NetApp Inc
NetEase,,Netease.com Inc. ADS
Netflix,netflix,"Netflix, Inc."
New China Life Insurance,,New China Life Insurance Co Ltd
New Hope Liuhe,,"NEW HOPE LIUHE CO., LTD."
New Residential Investment,,New Residential Investment Corp
New World Development,,New World Development Company Limited
Newcrest Mining,,NEWCREST MINING LIMITED
Newell Brands,newellbrands,Newell Rubbermaid Inc.
Newmont Mining,,Newmont Mining Corporation
NEXON,,NEXON Co Ltd
Next,,Next PLC
NextEra Energy,,NextEra Energy
Joint Stock Commercial Bank for Foreign Trade of Vietnam,,Ngan Hang Thuong Mai Co Phan Ngoai Thuong Viet Nam
Nidec,,Nidec
Nike,nike,"NIKE, Inc."
Nine Dragons Paper Holdings,,NINE DRAGONS PAPER (HOLDINGS) LIMITED
Nintendo,,NINTENDO CO LTD
Nippon Life Insurance,,Nippon Life Insurance Company (NISSAY)
Nippon Paint,,Nippon Paint
Nippon Steel Trading,,NIPPON STEEL & SUMIKIN BUSSAN CORPORATION
Nippon Steel,,Nippon Steel Corporation
NTT Group,,NIPPON TELEGRAPH AND TELEPHONE CORPORATI
Nippon Telegraph & Tel,,Nippon Television Network Corporation
Nippon Yusen,,NIPPON YUSEN KABUSHIKI KAISHA
NiSource,,NiSource Inc.
Nissan Motor,,NISSAN MOTOR CO LTD
Nitori Holdings,,Nitori Company Limited
Nitto Denko,,NITTO DENKO CORPORATION
NN Group,,NN Group N.V.
Nokia,,Nokia Corporation
Nomura,,Nomura Holdings Inc
Nomura Research Institute,,Nomura Research Institute
Nordea Bank,,Nordea Bank AB
Nordstrom,nordstrom,"Nordstrom, Inc."
Norfolk Southern,,Norfolk Southern Corporation
Norilsk Nickel,,Norilsk Nickel Mining & Metallurgical Co.
Norsk Hydro,,Norsk Hydro
North Pacific Bank,,North Pacific Bank
Northern Trust,,Northern Trust Corporation
Northrop Grumman,northropgrumman,Northrop Grumman Corporation
NORTHWESTERN MUTUAL,northwesternmutual,Northwestern Mutual
NortonLifeLock,,NortonLifeLock Inc.
Norwegian Cruise Line Holdings,,Norwegian Cruise Line Holdings Ltd.
Novartis,,Novartis AG
Novatek,,Novatek
Novo Nordisk,,Novo Nordisk
Novolipetsk Steel,,Novolipetsk Steel Ojsc
NRG Energy,,"NRG Energy, Inc."
NTPC,,NTPC Limited
Nucor,,Nucor Corporation
Nuernberger Beteiligungs,,Nuernberger Beteiligungs-AG
Nutrien,,Nutrien Ltd.
NVIDIA,nvidia,NVIDIA Corporation
NVR,,"NVR, Inc."
NXP Semiconductors,,NXP Semiconductors
Tatneft,,OAO Tatneft
Obayashi,,Obayashi Corporation
Occidental Petroleum,,Occidental Petroleum Corporation
Offcn Education Technology,,"Offcn Education Technology Co., Ltd. Class A"
Ogaki Kyoritsu Bank,,OGAKI KYORITSU BANK
Oil & Natural Gas,,Oil and Natural Gas Corporation
Oji Holdings,,OJI Paper Company
Okta,,Okta Inc
Olam International,,Olam International Limited
Old Dominion Freight Line,,"Old Dominion Freight Line, Inc."
Old Mutual,,Old Mutual PLC
Olympus,,OLYMPUS CORPORATION
Omnicom Group,,Omnicom Group Inc.
OMRON,,Omron Corporation
OMV Group,,OMV AG
OneMain Holdings,,"OneMain Holdings, Inc."
Oneok,,"ONEOK, Inc."
Onex,,Onex Corporation
Ooredoo Q.P.S.C,,Ooredoo Q.P.S.C.
Oracle,oracle,Oracle Corporation
Orange,,Orange S.A.
O'Reilly Automotive,,"O'Reilly Automotive, Inc."
Orient,,Orient Abrasives Ltd
Orient Securities,,Orient Securities Corp
Oriental Land,,Oriental Land Co. Ltd.
Origin Energy,,Origin Energy Limited
Orix,,ORIX CORPORATION
Orkla,,Orkla ASA
Orsted,,Orsted
Osaka Gas,,Osaka Gas Company Limited
Oshkosh,,Oshkosh Corporation
Otis Worldwide,,OTIS WORLDWIDE CORPORATION
OTP Bank,,OTP Bank Rt.
Otsuka Holding,,Otsuka Holding Co. Ltd.
Oversea-Chinese Banking,,Oversea-Chinese Banking Corp.
Ovintiv,,OVINTIV
Paccar,,PACCAR Inc.
Packaging Corp of America,,Packaging Corporation of America
Palo Alto Networks,,Palo Alto Networks Inc
Pan Pacific International Holdings,,Pan Pacific International Holdings
Panasonic,,Panasonic Corporation
Parker-Hannifin,,Parker Hannifin Corporation
Parkland Fuel,,Parkland Fuel Corp
Partners Group Holding,,Partners Group Holding AG
Paychex,,"Paychex, Inc."
Paycom,,Paycom Software Inc
PayPal,paypal,"PayPal, Inc."
Pegatron,,Pegatron Corp.
Pembina Pipeline,,Pembina Pipeline Income Fund
Penske Automotive,penskecars,"Penske Automotive Group, Inc."
PEPSICO,pepsico,"PepsiCo, Inc."
Lay's,pepsico,"PepsiCo, Inc."
Gatorade,pepsico,"PepsiCo, Inc."
PepsiCo,pepsico,"PepsiCo, Inc."
Pepsi,,"Pepsi-Cola Products Philippines, Inc"
Pernod Ricard,,Pernod Ricard
Persimmon,,Persimmon PLC
PetroChina,,Petrochina Company Limited
Petrobras,,Petroleo Brasileiro SA
Pemex,,Petroleos Mexicanos
Petronas,,Petroliam Nasional
Petronas Chemicals,,Petronas Chemicals Group Bhd
PetSmart,,"PetSmart, Inc."
Chewy,,"PetSmart, Inc."
Pfizer,pfizerinc,Pfizer Inc.
PG&E,,PG&E Corporation
PGE Polska Grupa Energetyczna,,PGE Polska Grupa Energetyczna S.A.
L&M,,Philip Morris International Inc
Philip Morris International,,Philip Morris International Inc
Phillips 66,phillips66co,Phillips 66
Phoenix Group Holdings,,Phoenix Group Holdings
PICC,,Picc Property & Casualty Company Limited
Pinduoduo,,Pinduoduo Inc
Ping An Insurance Group,,Ping An Insurance (Group) Co. of China Ltd.
Pinnacle West,,Pinnacle West Capital Corporation
Pioneer Natural Resources,,Pioneer Natural Resources Company
Pirelli,,Pirelli & Co
Pizza Hut,,Pizza Hut
PNC Financial Services,pncbank,PNC Financial Services Group Inc.
PKN Orlen,,Polski Koncern Naftowy ORLEN S.A.
Poly Property Group Co.,,Poly (Hong Kong) Investments Ltd.
Poly Real Estate,,"Poly Developments & Holdings Group Co., Ltd. Class A"
Poly Developments & Holdings Group,,"Poly Developments & Holdings Group Co., Ltd. Class A"
Polymetal International,,Polymetal International plc
Polyus,,Polyus PJSC
Porsche Automobil Holding,,Porsche Automobil Holding Preference SE
Posco,,POSCO
Postal Savings Bank,,POSTAL SAVINGS BANK of CHINA Co Ltd
China Post,,POSTAL SAVINGS BANK of CHINA Co Ltd
Postal Savings Bank Of China (PSBC),,POSTAL SAVINGS BANK of CHINA Co Ltd
Poste Italiane,,Poste Italiane
Pou Chen,,Pou Chen Corp.
Power Assets Holdings,,Power Assets Holdings Limited
Power Construction Corporation of China,,"Power Construction Corporation of China, Ltd."
Power Corp of Canada,,Power Corporation of Canada
Power Finance,,Power Finance Corp. Ltd.
Power Grid of India,,Power Grid Corp. Of India Limited
POWERCHINA,,PowerChina Resources Ltd (PCR)
PPG,,"PPG Industries, Inc."
PPL,,PPL Corporation
prada,,Prada
Principal Financial Group,,"Principal Financial Group, Inc."
Gillette,,Procter & Gamble Company
Pantene,,Procter & Gamble Company
Procter & Gamble,proctergamble,Procter & Gamble Company
Progressive,progressive,Progressive Corporation
Prologis,,Prologis
Prosperity Bancshares,,"Prosperity Bancshares, Inc."
Prudential,,"Prudential Financial, Inc."
Prudential (UK),,Prudential PLC
Prysmian,,Prysmian S.p.A.
Peugeot,,PSA Peugeot Citroen
Gudang Garam,,PT Gudang Garam Tbk
Telkom Indonesia,,PT Telekomunikasi Indonesia
PTT,,PTT CHEMICAL PUBLIC COMPANY LIMITED
Public Bank,,Public Bank Bhd
Public Service Enterprise Group,,Public Service Enterprise Group Incorporated
Public Storage,,"Public Storage, Inc."
Publicis Groupe,,Publicis Groupe SA
Publix,publix,"Publix Super Markets, Inc."
PulteGroup,,"Pulte Homes, Inc."
Punjab National Bank,,PUNJAB NATIONAL BANK
Qantas Airways,,Qantas Airways
Qatar Islamic Bank,,Qatar Islamic Bank SAQ
Qatar National Bank,,Qatar National Bank SAQ
QBE Insurance Group,,QBE
Haier Smart Home,,Qingdao Haier Company Limited
Qualcomm,qualcomm,QUALCOMM Incorporated
Quanta Computer,,Quanta Computer Inc.
Quanta Services,,"Quanta Services, Inc."
Quest Diagnostics,,Quest Diagnostics Incorporated
Quilter,,QUILTER PLC
Quinenco,,Quinenco S.A.
Rabobank,,Rabobank Nederland N.V.
Raiffeisen Bank International,,Raiffeisen International Bank Holding AG
Rakuten,,Rakuten Inc
Ralph Lauren,ralphlauren,Ralph Lauren Corporation
Randstad N.V.,,Randstad Holding NV
Raymond James Financial,,"Raymond James Financial, Inc."
Raytheon,,Raytheon Company
Raytheon Technologies,,Raytheon Technologies
Realty Income,,Realty Income Corporation
Reckitt Benckiser Group,,Reckitt Benckiser
rei,,Recreational Equipment Inc.
Recruit Holdings,,Recruit Holdings
Red Bull,,Red Bull
Red Eléctrica,,Red Electrica De Espana
Red Star Macalline Group,,Red Star Holdings Ltd
Regeneron Pharmaceuticals,,"Regeneron Pharmaceuticals, Inc."
Regions Financial,regionsfinancial,Regions Financial Corporation
Reinsurance Group of America,,"Reinsurance Group of America, Incorporated"
Reliance,,Reliance Capital Ltd.
Reliance Industries,,Reliance Industries Limited
Reliance Steel,,Reliance Steel & Aluminum Co.
RELX,,RELX PLC
RenaissanceRe Holdings,,RenaissanceRe Holdings Ltd.
Renault,,Renault SA
Repsol,,Repsol YPF
Republic Services,,"Republic Services, Inc."
ResMed,,ResMed Inc.
Resona Holdings,,Resona Holdings Inc
Rexel,,REXEL S.A.
RHB Bank,,RHB Capital Berhad
Ricoh,,"RICOH COMPANY, LTD"
RingCentral,,RingCentral Inc
Rio Tinto,,Rio Tinto
RiseSun Real Estate Development,,"Risesun Real Estate Development Co., Ltd"
RITE AID,riteaid,Rite Aid Corporation
Riyad Bank,,Riyad Bank
Roche Holding,,Roche Holdings Limited
Rockwell Automation,rokautomation,"Rockwell Automation, Inc."
Rogers Communications,,Rogers Communications Inc.
Roku,,"ROKU, INC."
Rolex,,Rolex
Rolls-Royce Holdings,,Rolls-Royce Group PLC
Rongsheng Petrochemical,,Rongsheng Petrochemical Co Ltd
Roper Technologies,,"Roper Industries, Inc."
Rosseti,,Rosetti Marino SpA
Rosneft,,Rosneft Oil Ojsc
Ross Stores,,"Ross Stores, Inc."
Royal Ahold Delhaize N.V.,,Royal Ahold
RBC,,Royal Bank of Canada
Royal Bank of Scotland,,Royal Bank of Scotland Group
Royal Caribbean Cruises,,Royal Caribbean Cruises Ltd.
Shell,,Royal Dutch Shell
Royal Dutch Shell,,Royal Dutch Shell
RSA Insurance Group,,RSA Insurance Group plc
Innogy,,RWE AG
Ryanair Holdings,,RYANAIR HOLDINGS PLC
S&P Global,,S&P Global Inc
S.F. Holding,,S.F. Holding
Falabella,,Saci Falabella
Safran,,Safran SA
SAIC Motor,,SAIC Motor Corporation Limited
St. James's Place,,Saint James's Place PLC
Saint-Gobain,,Saint-Gobain Corporation
Saipem,,Saipem SpA
Salesforce.com,,"Salesforce.com, Inc."
Samba Financial Group,,Samba Financial Group
Sampo,,Sampo OYJ
Samsung C&T,,Samsung C&T Corporation
Samsung Electronics,,Samsung Electronics Company Limited
Samsung Fire & Marine,,"Samsung Fire & Marine Insurance Co., Ltd."
Samsung Life Insurance,,SAMSUNG LIFE INSURANCE CO. LTD.
Samsung SDI,,"Samsung SDI Co., Ltd."
Samsung SDS,,"Samsung SDS Co., Ltd."
Samsung Securities,,"Samsung Securities Co., Ltd."
Sandvik,,Sandvik AB
San-In Godo Bank,,SAN-IN GODO BK
Sanlam,,Sanlam Limited
Sanofi,,Sanofi
Santos,,Santos Ltd
Sany Heavy Industry,,Sany Heavy Industry Co. Ltd.
SAP,,SAP AG
Saputo,,Saputo Inc
Sartorius,,Sartorius AG
Sasol,,Sasol Ltd.
Saudi Arabian Mining,,Saudi Arabian Mining Company (Ma'aden)
Saudi Arabian Oil Company (Saudi Aramco),,Saudi Aramco
Saudi Basic Industries,,Saudi Basic Industries Corp
Saudi Electricity,,Saudi Electricity Company
Saudi Telecom,,Saudi Telecom Company
SBA Communications,,SBA Communications Corporation
Sberbank,,Sberbank Rossia
SBI Holdings,,SBI Holdings Inc
Scentre Group,,SCENTRE GROUP
Schaeffler,,Schaeffler Technologies GmbH & Co KG
Schindler Holding,,Schindler
Schlumberger,,Schlumberger Limited
Schneider Electric,,Schneider Electric
Schroders,,Schroders PLC
Scor,,Scor SE
SSE,,Scottish & Southern Energy PLC
SDIC Power Holdings,,"SDIC Power Holdings Co., Ltd."
Seagate Technology,,Seagate Technology
PWC,,PricewaterhouseCoopers
WELLCARE HEALTH PLANS,wellcare,Wellcare Health Plans Inc.
LyondellBasell Industries,,LyondellBasell Industries
Times Property Holdings,,Times Property Holdings LTD
People's United Financial,,People's United Financial Inc.
Bombardier,,Bombardier Inc
Square,,Square Inc
Wayfair,,Wayfair Inc
American National Insurance,,American National Insurance Company
Essex Property Trust,,"Essex Property Trust, Inc."
Sonova Holding,,Sonova Holding AG
Korean Air,,"Korean Air Lines Co., Ltd."
Mitsubishi Materials,,Searching…
Antofagasta,,Searching…
Compal Electronics,,Searching…
Blom Bank,,Searching…
Safaricom,,Searching…
Fgl Holdings,,Searching…
KT&G,,Searching…
BOK Financial,,Searching…
Voestalpine,,Searching…
Sichuan Language Development,,Searching…
Wendel,,Searching…
Banca MPS,,Searching…
Jabil Circuit,,Searching…
AVIC Capita,,Searching…
PTT Global Chemical,,Searching…
Xiamen Xiangyu,,Searching…
Commercial Bank of Qatar,,Searching…
Barry Callebaut,,Searching…
NH Investment & Securities,,Searching…
Industries Qatar,,Searching…
Alfresa Holdings,,Searching…
Hertz Global Holdings,,Searching…
Hokuhoku Financial Group,,Searching…
Ramsay Health Care,,Searching…
Autodesk,,Searching…
ONO Pharmaceutical,,Searching…
President Chain Store,,Searching…
Lendlease Group,,Searching…
Wirecard,,Searching…
CSPC Pharmaceutical Group,,Searching…
World Fuel Services,,Searching…
Vietin Bank,,Searching…
Mitsui Chemicals,,Searching…
RTL Group,,Searching…
Qurate Retail Group,,Searching…
Zoom Video Communications,,Searching…
Novozymes,,Searching…
Dexus,,Searching…
Virgin Money UK,,Searching…
Gap,,Searching…
New York Community Bancorp,,Searching…
Canadian Utilities,,Searching…
Nippon Express,,Searching…
Otsuka,,Searching…
Koito Manufacturing,,Searching…
Teck Resources,,Searching…
Hansoh Pharmaceutical Group,,Searching…
Agnico Eagle Mines,,Searching…
Showa Denko,,Searching…
Cellnex Telecom,,Searching…
Qingdao Rural Commercial Bank,,Searching…
Continental Resources,,Searching…
Avis Budget Group,,Searching…
Kyushu Financial Group,,Searching…
Nishi-nippon Financial Holdings,,Searching…
Hachijuni Bank,,Searching…
Zoomlion Heavy Industry,,Searching…
Hulic,,Searching…
Waters,,Searching…
Yamaguchi Financial,,Searching…
Wistron,,Searching…
Hengyi Petrochemical,,Searching…
Latam Airlines,,Searching…
Kesko,,Searching…
Hengan International Group,,Searching…
Wingtech Technology,,Searching…
Japan Securities,,Searching…
Acciona,,Searching…
China Longyuan Power,,Searching…
Adyen,,Searching…
Bank of Kyoto,,Searching…
Mitsui OSK Lines,,Searching…
Hiroshima Bank,,Searching…
WEG,,Searching…
Rajesh Exports,,Searching…
Sino Biopharmaceutical,,Searching…
Renesas Electronics,,Searching…
Kinross Gold,,Searching…
Unisplendour,,Searching…
Steinhoff International,,Searching…
Teradyne,,Searching…
"United Natural Foods,",,Searching…
PBF Energy,,Searching…
Chugoku Bank,,Searching…
LG Uplus,,Searching…
Royal Mail,,Searching…
77 Bank,,Searching…
Shandong Gold Mining,,Searching…
Powerlong Real Estate,,Searching…
Gunma Bank,,Searching…
Invitation Homes,,Searching…
FMC,,Searching…
Tenneco,,Searching…
Tokyu Fudosan,,Searching…
Haidilao International Holding,,Searching…
Performance Food Group,,Searching…
Domino's Pizza,,Searching…
Hubei Biocause Pharmaceutical,,Searching…
National Bank of Greece,,Searching…
Zebra Technologies,,Searching…
Tsim Sha Tsui Properties,,Searching…
Alpha Bank,,Searching…
Community Health Systems,,Searching…
Rite Aid,,Searching…
Xylem,,Searching…
IHI,,Searching…
Bank Muscat,,Searching…
Accor,,Searching…
American Equity Investment,,Searching…
Iyo Bank,,Searching…
Lens Technology,,Searching…
TP ICAP,,Searching…
XCMG Construction Machinery,,Searching…
Air Lease,,Searching…
Commerce Bank,,Searching…
Grupo Bolivar,,Searching…
Bank of Suzhou,,Searching…
Sinotruk Hong Kong,,Searching…
Harel Insurance Investments & Financial Services,,Searching…
Avary Holding (Shenzhen),,Searching…
Liberty Broadband,,Searching…
Jiangxi Bank,,Searching…
Unibail-Rodamco,,Searching…
CPI Property Group,,Searching…
Daelim Industrial,,Searching…
Minebea,,Searching…
PVH,,Searching…
News Corp,,Searching…
JetBlue Airways,,Searching…
SDIC Capital,,Searching…
Sears Holdings,sears,Sears Holdings Corporation
Seattle Genetics,,"Seattle Genetics, Inc."
Seazen Group,,Seazen Group Ltd.
Secom,,Secom Company Limited
Securitas,,Securitas
Segro,,Segro PLC
Sekisui Chemical,,SEKISUI CHEMICAL CO LTD
Sekisui House,,Sekisui House Limited
Semiconductor Manufacturing International,,Semiconductor Manufacturing International Corporation
Sempra Energy,,Sempra Energy
Senshu Ikeda Holdings,,"Senshu Ikeda Holdings, Inc."
Sephora,,Sephora
ServiceNow,,"ServiceNow, Inc."
Seven & I Holdings,,Seven & I Holdings Company Limited
Severstal,,Severstal
SFR,,SFR
SG Holdings,,"SG HOLDINGS CO.,LTD."
SGS,,SGS
Shaanxi Coal Industry,,"Shaanxi Coal Industry Co., Ltd."
Shanghai Commercial & Savings Bank,,Shanghai Commercial Bank
Shanghai Construction,,"Shanghai Construction Group Co., Ltd."
Shanghai Electric Group,,Shanghai Electric Group Co. Ltd.
Shanghai Ganglian E-Commerce Holdings,,Shanghai Ganglian E-Commerce Holdings Co Ltd
Shanghai International Airport,,"Shanghai International Airport Co.,Ltd."
Shanghai International Port,,"Shanghai International Port (Group) Co., Ltd."
Shanghai Pharmaceuticals,,Shanghai Pharmaceuticals Holding Co. Ltd.
Shanghai Pudong Development,,Shanghai Pudong Development Bank Co. Ltd.
Sharp,,Sharp Corporation
Shaw Communications,,Shaw Communications Inc.
Shengjing Bank,,"Shengjing Bank Co., Ltd"
Shenwan Hongyuan Group,,"Shenwan Hongyuan Group CO., LTD"
Shenzhen Goodix Technology,,"Shenzhen Goodix Technology Co., Ltd."
Shenzhen Mindray Bio-Medical Electronics,,Shenzhen Mindray Bio-Medl Elctrnc Co Ltd
Shenzhen Overseas,,"Shenzhen Overseas Chinese Town Holding Co., Ltd."
Shenzhou International Group Holdings,,Shenzhou International Group Holdings Ltd.
Shiga Bank,,SHIGA BANK
Shimano,,Shimano Inc
Shimao Property Holdings,,Shimao Property Holdings Ltd.
Shimizu,,SHIMIZU CORPORATION
Shin Kong Financial,,"Shin Kong Financial Holding Co., Ltd."
Shin-Etsu Chemical,,Shin-Etsu Chemical Company Limited
Shinhan Financial Group,,Shinhan Financial Group Co. Ltd.
Shinsei Bank,,Shinsei Bank Limited
Shionogi,,Shionogi Limited
Shiseido,,Shiseido Company Limited
Shopify,,Shopify Inc
Siemens,,Siemens AG
Signature Bank,,Signature Bank
Sika,,Sika
Simon Property Group,,"Simon Property Group, Inc."
Sinclair Oil,,Sinclair Oil Corporation
Singapore Airlines,,Singapore Airlines
SingTel,,Singapore Telecommunications Limited
Sino-Ocean Group Holding,,Sino-Ocean Land Holdings Limited
SinoPac Financial,,SinoPac Holdings Co. Ltd.
Sinopharm Group,,Sinopharm Group Co. Ltd.
SiriusXM,,SiriusXM Holdings Inc.
Sistema,,SISTEMA JSFC
360 Security Technology,,SJEC Corp
SK Group,,SK Chemicals Co. Ltd.
SK Innovation,,SK Energy Company Limited
SK Holdings,,"SK Holdings Co., Ltd."
SK Telecom,,"SK Telecom Co., Ltd."
Skanska,,Skanska AB
SKF Group,,SKF AB
Skyworks Solutions,,"Skyworks Solutions, Inc."
Slack Technologies,,Slack Technologies Inc
SLM,,SLM Corporation (Sallie Mae)
SM Investments,,SM Investments Corporation
SMC,,SMC Corporation
Smith & Nephew,,"Smith & Nephew, Inc."
Smurfit Kappa Group,,Smurfit Kappa Group plc
Snam,,Snam Rete Gas
Snap,,Snap Inc
Snap-on,,Snap-on Incorporated
Société Générale,,Societe Generale - Corporate & Invesment Banking
Sodexo,,"Sodexo, Inc."
Sofina,,Sofina SA
Softbank,,SOFTBANK CORPORATION
S-Oil,,S-Oil Corporation
Sojitz,,Sojitz Corp
Mosaic,,Solar Mosaic
Solvay,,Solvay SA
Sompo Japan Nipponkoa,,"Sompo Holdings, Inc"
Sompo,,Sompo Japan Insurance
Sony,,Sony Corporation
Southern Company,,Southern Company
Southwest Airlines,southwestair,Southwest Airlines Co.
Spectrum,,Spectrum
Spirit AeroSystems,spiritairlines,Spirit AeroSystems Holdings Inc.
Splunk,,Splunk Inc.
spotify,,Spotify Technology SA
Spotify Technology,,Spotify Technology SA
Sprint,,Sprint Nextel Corporation
SS&C Technologies,,"SS&C Technologies Holdings, Inc."
Standard Bank Group,,Standard Bank Group Ltd.
Stanley Black & Decker,stanleyblackdecker,Stanley Black & Decker Inc.
STAPLES,staples,"Staples, Inc."
Starbucks,starbucks,Starbucks Corporation
Starwood Property Trust,,Starwood Property Trust Inc
State Bank of India,,State Bank of India Group
State Farm,,State Farm Insurance
State Grid,,State Grid
State Street,,State Street Corporation
Steel Authority of India,,Steel Authority of India Limited
Steel Dynamics,,"Steel Dynamics, Inc."
Steris,,STERIS Corporation
Stifel Financial,,Stifel Financial Corp.
STMicroelectronics,,"STMicroelectronics, Inc."
INTL FCStone,,StoneX
Stora Enso,,Stora Enso OYJ
Storebrand,,Storebrand ASA
STRABAG,,Strabag SE
Stryker,,Stryker
Subaru,,Subaru
Sumitomo Chemical,,Sumitomo Chemical Company Limited
Sumitomo,,Sumitomo Corporation
Sumitomo Electric,,SUMITOMO ELECTRIC INDUSTRIES LIMITED
Sumitomo Metal Mining,,SUMITOMO METAL MINING CO LTD
Sumitomo Mitsui Financial,,Sumitomo Mitsui Financial Group
Sumitomo Mitsui Trust,,Sumitomo Mitsui Trust Bank
Sumitomo Realty,,Sumitomo Realty & Development Company Li
Sun Art Retail Group,,SUN ART RETAIL GROUP LTD
Sun Hung Kai Properties,,Sun Hung Kai Properties Limited
Sun Life Financial,,Sun Life Financial Inc.
Sunac China Holdings,,Sunac China Holdings Limited
Suncor Energy,,Suncor Energy Inc.
Suncorp Group,,Suncorp-Metway Limited
Suning.com,,"Suning.com Co., Ltd."
Sunny Optical Technology Group,,Sunny Optical Technology (Group) Company Limited
Suntory Beverage & Food,,Suntory Beverage & Food Ltd
SUPERVALU,supervalu_irl,Supervalu Inc.
Surgutneftegas,,Surgutneftegaz
Suzano Papel e Celulose,,Suzano Papel E Celulose SA
Suzuken,,Suzuken Company Limited
Suzuki Motor,,Suzuki Motor Corp.
SVB Financial Group,,SVB Capital Partners
SCA,,Svenska Cellulosa B
Svenska Handelsbanken,,Svenska Handelsbanken AB
Swedbank,,Swedbank AB
Swedish Match,,Swedish Match AB
Swire Pacific,,Swire Pacific Limited
Swiss Life Holding,,SWISS LIFE HOLDING
Swiss Prime Site,,Swiss Prime Site AG
Swiss Re,,Swiss Reinsurance Company
Swisscom,,Swisscom
Synchrony Financial,,SYNCHRONY FINANCIAL
SYNNEX,,SYNNEX Corporation
Synopsys,,"Synopsys, Inc."
Synovus Financial,,Synovus Financial Corp.
Sysco,,SYSCO Corporation
Sysmex,,Sysmex
T&D Holdings,,T&D HOLDINGS INCORPORATED
T Rowe Price,,"T. Rowe Price Group, Inc."
Taco Bell,,Taco Bell
Tahoe Group,,"TAHOE GROUP CO., LTD"
Taisei,,Taisei Corp
Taishin Financial Holdings,,Taishin Financial Holding Co. Ltd.
Taiwan Business Bank,,Taiwan Business Bank
Taiwan Cement,,Taiwan Cement Corp.
Taiwan Cooperative Financial,,Taiwan Cooperative Bank
Taiwan Semiconductor,,Taiwan Semiconductor Manufacturing Company Ltd.
Takeda Pharmaceutical,,Takeda Pharmaceutical Company
Take-Two Interactive Software,,"Take-Two Interactive Software, Inc."
Talanx,,Talanx Group
COACH,,"Tapestry, Inc"
Targa Resources,,Targa Resources Corp.
Target,target,Target Corporation
Tata Consultancy Services,,Tata Consultancy Services
TATA Group,,Tata Group
Tata Motors,,Tata Motors Limited
Tata Steel,,Tata Steel Ltd.
Taylor Wimpey,,Taylor Wimpey
TC Energy,,TC Energy Corporation
TCF Financial,,TCF Financial Corporation
TCL,,TCL Corporation
TD Ameritrade Holding,,TD Ameritrade
TDK,,TDK Corporation
TE Connectivity,,TE Connectivity Ltd.
Tech Data,,Tech Data Corporation
Tech Mahindra,,Tech Mahindra Ltd.
Techtronic Industries,,Techtronic Industries Company Limited
Telecom Italia,,Telecom Italia
Teledyne Technologies,,Teledyne Technologies Inc.
Teleflex,,Teleflex Incorporated
Movistar,,Telefonica SA
Telenor,,Telenor ASA
Teleperformance,,Teleperformance
Telia Company,,TeliaSonera
Telstra,,Telstra
TELUS,,TELUS Corporation
ST Engineering,,TEMASEK HOLDINGS (PRIVATE) LIMITED
Tenaga Nasional,,Tenaga Nasional Bhd
Tenaris,,Tenaris
Tencent Holdings,,Tencent Holdings Limited
Tenet Healthcare,,Tenet Healthcare Corporation
Terna,,Terna Spa
Ternium,,TERNIUM S.A.
Terumo,,TERUMO CORPORATION
Tesco,,Tesco PLC
Tesla,teslamotors,"Tesla Motors, Inc."
Teva Pharmaceutical,,Teva Pharmaceuticals
Texas Instruments,txinstruments,Texas Instruments Incorporated
Textron,,Textron Inc.
Thai Beverage,,Thai Beverage PLC
Thales,,Thales SA
Allstate,allstate,The Allstate Corporation
Bank of East Asia,,The Bank of East Asia
Bank of New York Mellon,,The Bank of New York Mellon
Scotiabank,,The Bank of Nova Scotia
Boeing,,The Boeing Company
Clorox,clorox,The Clorox Company
Coca-Cola,cocacola,The Coca-Cola Company
Fresh Market,,"The Fresh Market, Inc."
Goldman Sachs Group,goldmansachs,"The Goldman Sachs Group, Inc."
Goodyear,goodyear,The Goodyear Tire & Rubber Company
Hartford Financial Services,,"The Hartford Financial Services Group, Inc."
Hershey,hersheys,The Hershey Company
Kiyo Bank,,"The Kiyo Bank, Ltd."
Kraft Heinz Company,,The Kraft Heinz Company
NASDAQ,,"The Nasdaq Stock Market, Inc."
OFFICE DEPOT,officedepot,The ODP Corporation
Saudi British Bank,,The Saudi British Bank
Sherwin-Williams,sherwinwilliams,The Sherwin-Williams Company
Shizuoka Bank,,The Shizuoka Bank Limited
Siam Cement,,The Siam Cement Public Company Limited
Siam Commercial Bank,,The Siam Commercial Bank Public Company Limited
Swatch Group,,The Swatch Group Ltd
TJX Cos,,"The TJX Companies, Inc."
Toho Bank,,"The Toho Bank, Ltd."
TD Bank Group,,The Toronto-Dominion Bank
Travelers,,"The Travelers Companies, Inc."
Walt Disney,disney,The Walt Disney Company
Western Union,westernunion,The Western Union Company
Williams,,"The Williams Companies, Inc."
Thermo Fisher Scientific,thermofisherscientific,Thermo Fisher Scientific
Thomson Reuters,,Thomson Reuters Corporation
ThyssenKrupp Group,,ThyssenKrupp AG
TIAA,tiaa,TIAA-CREF
HNA Technology,,Tianjin Marine Shipping Co Ltd
Tiffany & Co.,,Tiffany & Co.
Tim Hortons,,Tim Hortons
Restaurant Brands International,,Tim Hortons
Tingyi Holding,,Tingyi Cayman Islands Holdings
TMB Bank,,TMB Bank PCL
Tohoku Electric Power,,Tohoku Electric Power Company Inc
Tokio Marine Holdings,,Tokio Marine Holdings
Tokyo Electric Power,,Tokyo Electric Power Company Inc
Tokyo Electron,,Tokyo Electron Limited
Tokyo Gas,,Tokyo Gas Company Limited
Tokyo Kiraboshi Financial Group,,Tokyo TY Financial Group Inc
Tokyu,,"TOKYU CONSTRUCTION CO., LTD."
Toll Brothers,tollbrothers,"Toll Brothers, Inc."
Tongling Nonferrous Metals,,"Tongling Nonferrous Metals Group Co., Ltd."
Top Frontier Investment Holdings,,TOP FRONTIER INVESTMENT HOLDINGS INC.
Toppan Printing,,Toppan Printing Company Limited
Toray Industries,,"TORAY INDUSTRIES, INC."
Toshiba,,TOSHIBA CORPORATION
Tosoh,,Tosoh America Inc.
Total,,Total Petrochemicals
Towngas,,TOWNGAS CHINA CO. LTD.
Toyota Industries,,TOYOTA INDUSTRIES CORPORATION
Lexus,,Toyota Motor Corp.
Toyota Motor,,Toyota Motor Corp.
Toyota Tsusho,,Toyota Tsusho UK Ltd
"TOYS ""R"" US",toysrus,Toys R Us
Tractor Supply,,Tractor Supply Company
Trane Technologies,,Trane Technologies PLC
TransDigm Group,,TransDigm Holding Company
Transneft,,Transneft
TransUnion,,TRANSUNION
Transurban Group,,TRANSURBAN GROUP
Trimble,,Trimble Navigation Limited
Trip.com Group,,Trip.com Group Limited
Truist Financial,,Truist Financial Corporation
TUI,,TUI AG
Turkish Airlines,,Turkish Airlines
Garanti Bank,,Turkiye Garanti Bankasi A.S.
Halkbank,,Turkiye Halk Bankasi AS
Isbank,,Turkiye Is Bankasi A.S.
VakifBank,,Turkiye Vakiflar Bankasi T.A.O.
Twilio,,Twilio Inc
Twitter,,Twitter
Tyson Foods,tysonfoods,"Tyson Foods, Inc."
US Bancorp,,U.S. Bancorp
United Airlines,,UAL Corporation
Uber,,Uber
UBI Banca,,UBI Banca
UBS,,UBS AG
UCB,,UCB SA
UGI,,UGI Corporation
Ulta Beauty,,Ulta Beauty Inc
Ultrapar Participacoes,,Ultrapar Participacoes S.A.
Umicore,,Umicore SA
Unicharm,,Uni Charm Corporation
Unicaja Banco,,Unicaja
UniCredit,,UniCredito Italiano S.p.A.
Unilever,,Unilever PLC
Union Bank of India,,Union Bank of India
Union Pacific,,Union Pacific Corporation
Unipol Gruppo,,Unipol
Uni-President,,Uni-President China Holdings Ltd.
Uniqa,,UNIQA Versicherungen AG
United Airlines Holdings,,United Airlines Holdings Inc
United Overseas Bank,,United Overseas Bank
United Parcel Service,ups,"United Parcel Service, Inc."
United Rentals,united.rentals,"United Rentals, Inc."
USAA,usaa,United Services Automobile Association
US Steel,,United States Steel Corporation
United Utilities,,United Utilities plc
Optum,,UnitedHealth Group Incorporated
UnitedHealth Group,unitedhealthcare,UnitedHealth Group Incorporated
Universal,,Universal Corporation
Universal Health,,"Universal Health Services, Inc."
Unum,,UNUM Group
UPM-Kymmene,,UPM-Kymmene OYJ
US Foods,,"US Foods, Inc."
Vale,,Vale
Valeo,,Valeo SA
Valero Energy,valeroenergy,Valero Energy Corporation
Vanguard,,Vanguard
Vedanta Limited,,Vedanta Limited
Veeva Systems,,Veeva Systems Inc
Ventas,,"Ventas, Inc."
Veolia Environnement,,Veolia Environnement
VEON,,VEON Ltd.
Verbund,,Verbund-Osterreichische
VeriSign,,"VeriSign, Inc."
Verisk Analytics,,Verisk Analytics Inc.
Verizon Communications,verizon,Verizon Communications Inc.
Vertex Pharmaceuticals,,Vertex Pharmaceuticals Incorporated
Vestas Wind Systems,,Vestas Wind Systems
CBS,,CBS Broadcasting Inc
ViacomCBS,,ViacomCBS Inc.
VICI Properties,,VICI PROPERTIES INC.
Victoria,,Victoria
Vienna Insurance Group,,Vienna Insurance Group
VINCI,,Vinci SA
Vingroup,,Vingroup Joint Stock Company
Vipshop Holdings,,Vipshop Holdings Ltd
Visa,visa_us,Visa International
Vistra Energy,,Vistra Energy Corp
VMware,,"VMware, Inc."
Vodafone,,Vodafone Group Inc.
Volkswagen Group,,Volkswagen AG
Volvo Group,,Volvo AB
Vonovia,,Vonovia SE
Vornado Realty,,Vornado Realty Trust
Voya Financial,,Voya Financial
VTB Bank,,VTB Bank JSC
Vulcan Materials,,Vulcan Materials Company
W.P. Carey,,W. P. Carey & Co. LLC
WR Berkley,,W. R. Berkley Corporation
WW Grainger,,"W.W. Grainger, Inc."
Westinghouse Air Brake Technologies,,Wabtec
Walgreens Boots Alliance,walgreens,Walgreen Co.
Walmart,,"Wal-Mart Stores, Inc."
Sam's Club,,"Wal-Mart Stores, Inc."
Asda,,"Wal-Mart Stores, Inc."
Wanhua Chemical Group,,"Wanhua Chemical Group Co.,Ltd."
Want Want China,,Want Want Holdings Ltd
Warner Bros,,Warner Music Group
Waste Connections,,Waste Connections Inc.
Waste Management,wastemanagement,"Waste Management, Inc."
Wawa,,Wawa Inc
Weatherford International,,Weatherford International Ltd.
Weichai Power,,Weichai Power Co. Ltd.
Wells Fargo,wellsfargo,Wells Fargo & Co.
Welltower,,WELLTOWER INC.
Wens Foodstuff Group,,Wens Foodstuff Group Co Ltd
Wesfarmers,,WESFARMERS LIMITED
West Japan Railway,,West Japan Railway
Western Digital,westerndigital,Western Digital Corp.
Westlake Chemical,,Westlake Chemical Corporation
Westpac Banking Group,,Westpac Banking Corporation
WestRock,,WestRock Company
Weyerhaeuser,,Weyerhaeuser Company
WH Group,,WH Group Limited
Wheaton Precious Metals,,Wheaton Precious Metals
Wheelock,,Wheelock And Company Limited
Whirlpool,whirlpoolusa,Whirlpool Corporation
Whole Foods,wholefoods,"Whole Foods Market, Inc."
Will Semiconductor,,Will Semiconductor Co Ltd Shanghai
Willis Towers Watson,,Willis Towers Watson PLC
Wilmar International,,Wilmar International Ltd.
Wintrust Financial,,Wintrust Financial Corporation
Wipro,,Wipro Ltd.
WEC Energy Group,,Wisconsin Energy Corporation
Wm Morrison Supermarkets,,WM MORRISON SUPERMARKETS PLC
Wrigley,,Wm. Wrigley Jr. Company
Wolters Kluwer,,Wolters Kluwer
Woodside Petroleum,,Woodside Petroleum Limited
Woolworths,,WOOLWORTHS GROUP PLC
Woori Financial Group,,Woori Bank
Workday,,"Workday, Inc."
WPG Holdings,,WPG HOLDINGS LTD.
WPP,,WPP Group
Wuchan Zhongda Group,,"Wuchan Zhongda Group Co., Ltd."
Wuestenrot & Wuerttembergische,,Wuestenrot & Wuerttembergische AG
Wuliangye Yibin,,"Wuliangye Yibin Co., Ltd."
Wuxi Apptec,,WuXi AppTec Co Ltd
Wuxi Biologics,,Wuxi Biologics Cayman Inc
Wynn Resorts,,"Wynn Resorts, Limited"
X5 Retail Group,,X5 Retail Group NV
Xcel Energy,excelenergy,Xcel Energy Inc.
Xerox,xerox,Xerox Corporation
Xiamen C&D,,XIAMEN C&D INC
Xiaomi,,Xiaomi Inc
Xilinx,,"Xilinx, Inc."
Xinyu Iron & Steel,,"Xinyu Iron & Steel Co.,Ltd"
XPO Logistics,,"XPO Logistics, Inc."
Yamada Denki,,Yamada Denki Company Limited
Yamaha Motor,,Yamaha Motor Company Limited
Yamato Holdings,,Yamato Holdings Company Limited
Yango Group,,"Yango Group Co., Ltd."
Yanzhou Coal Mining,,Yanzhou Coal Mining Co. Ltd.
Yara International,,Yara International ASA
Yes Bank,,Yes Bank Ltd.
Yeti,,"YETI Holdings, Inc."
Yonghui Superstores,,"Yonghui Superstores Co., Ltd."
Yonyou Network Technology,,Yonyou Network Technology Co. Ltd.
Youku,,Youku Tudou Inc (ADR)
YouTube,,YouTube
YPF,,YPF SA
Yuanta Financial Holding,,Yuanta Financial Holding Co. Ltd.
Yum China Holdings,kfc,Yum China Holdings Inc
Yum! Brands,,"YUM! Brands, Inc."
Yunnan Baiyao Group,,"YUNNAN BAIYAO GROUP CO., LTD"
Yuzhou Properties,,Yuzhou Properties Company Limited
Zain,,Zain Group
Zalando,,Zalando SE
Zenith Bank,,ZENITH INTERNATIONAL BANK PLC
Zhejiang Century Huatong Group,,Zhejiang Century Huatong Automotive Part Co Ltd
Zhejiang Zheneng Electric Power,,"Zhejiang Zheneng Electric Power Co., Ltd."
Zhongsheng Group Holdings,,ZHONGSHENG GROUP HOLDINGS LIMITED
Zijin Mining Group,,Zijin Mining Group (H)
Zimmer Biomet,,Zimmer Biomet
Zions Bancorp,,Zions Bancorporation
Zoetis,,Zoetis Inc.
zoom,,Zoom Corp
ZTE,,ZTE Corporation
Zurich,,Zurich
Zurich Insurance Group,,Zurich Financial Services
